1,,rat,not equal to,≠,atomic,1,,1 = atoms
2,,rbt,above,AB,"atomic, subject and object must be a point",1,,1.2 connectives
3,,rbt,after ,A,"atomic, subject and object must be a moment",1,,1.3 relational particles
4,,rbt,afterⁿ ,AF,"atomic, subject and object must be a number",1,,1.4 subordinators
5,,rbt,afterʷ ,AW,"atomic, subject and object must be a word",1,,1.5 redundancies
6,,ra,amᵉ,EX,,1,,2 determiners
7,,rbi,areᵃ,IA,"atomic, subject can be anything, object must be an adjective",1,,3 pronouns
8,,ra,areᵉ,EX,,1,,4 nouns etc
9,,rbi,areᵍ ,IG,"subject can be anything, object must be a noun",1,,4.1 plurals
10,,rbis,at,S,"subject must be a material particle, object must be a point",1,,4.2 people
11,,rbi,atⁱ ,AI,"subject must be a belief, object must be the imagination",1,,5 numbers
12,,rbi,atʲ ,IP,"subject must be a possible proposition, object must be a far away possible world",1,,"6 natural, artificial"
13,,rbi,atⁿ ,AN,"subject can be anything, object must be a number",1,,7 fallacies
14,,rbi,atᵖ ,P,"subject must be a possible proposition, object must be a possible world",1,,
15,,rbi,atˢ ,SS,"subject must be a sensation, object must be a sensational space",1,,
16,,rbit,atᵗ ,T,"subject can be a relationship, object must be a point",1,,below if there is a 1 then that means there is a definition which contain definienda which can be inferred from the axioms
17,,aa,consistent,,⊤=consistent,1,,
18,,na,current present,,current present,1,,
19,,rbi,desire,DS,"subject must be a mind, object must be a desire",1,,
20,,rbi,desires,DS,"subject must be a mind, object must be a desire",,,
21,,r,exist,EX,(exist=EX) & ((bEX) ≡ (bIAc)) & (c=extant),4,,
22,,r,exists,EX,(exists=EX) & ((bEX) ≡ (bIAc)) & (c=extant),4,,
23,,aa,extant,,atomic,1,,
24,,a,false,,(c=false) & (d=reality) & ((bIAc) ≡ (b~Id)),1,,
25,,rai,hasᵛ ,HV,"subject must be a sentence, object must be a word",1,,
26,,rbi,hasʷ ,HW,"subject must be a whole, object must be a part",1,,
27,,ra,has,H,atomic,,,
28,,ra,have,H,atomic,1,,
29,,ra,ofᵖ,OFP,"atomic, subject must be a plural, object must be a singular countepart",,,
30,,na,here,,here,1,,
31,,rbts,in front of,FR,subject and object must be a point,1,,
32,,rbi,inᵒ,I,subject must be a fact object must be reality,1,o = objective,
33,,rbt,is,=,atomic,1,,
34,,rbi,isᵃ ,IA,"subject can be anything, object must an adjective",1,,
35,,ra,isᵉ,EX,atomic,1,,
36,,rbi,isᵍ ,IG,IG=isᵍ (object is a noun which must have a ʸ)  transitive,1,,
37,,rbts,left of,LF,subject and object must be a point,1,,
38,,m,not,,~,1,,
39,,m,notⁱ,,¬,1,,
40,,na,plural form,,atomic,1,,
41,,na,relation,,atomic,1,,
42,,rai,relational variable,R,none,1,,
43,,na,thing,,atomic,1,,
44,,rai,think,TK,"subject must be a mind, object must be a thought",1,,
45,,rbi,think about,TK,"subject must be a mind, object must be a thought",1,,
46,,rai,thinks,TK,atomic,1,,
47,,ra,wasᵉ,EX,atomic,1,,
48,,ra,wasᵍ,IG,atomic,1,,
49,,na,thisⁿ,,atomic,1,,
50,,na,thisⁿ,,e.g. thisⁿ was what I saw. (here 'this' functions as a noun),,,
51,,na,thatⁿ,,atomic,,,
52,,na,thatⁿ,,e.g. thatⁿ was what I saw. (here 'that' functions as a noun),,,
53,,c,andᶜ,,hard coded,1.3,,
54,,l,and,,&,1.2,,
55,,lc,because,,"(because b, c) ≡ (c & (c ⊢ b))",1.2,,
56,,lb,hence,,⊢,1.2,,
57,,lb,follow,,⊬,1.2,,
58,,lc,since,,(since = because),1.2,,
59,,lb,so,,⊢,1.2,,
60,,lb,then,,⊢,1.2,,
61,,lb,thenᵃ,,→,1.2,,
62,,lb,therefore,,⊢,1.2,,
63,,lb,thus,,⊢,1.2,,
64,,ls,unless,,hard coded,1.2,,
65,,ra,of,OF,postponed,1.3,,
66,,ra,toᵐ,TM,postponed,1.3,,
67,,ra,toᵖ,TP,postponed,1.3,,
68,,u,that,,hard coded,1.4,,
69,,u,thatᵒ,,hard coded,1.4,,
70,,u,thatˢ,,hard coded,1.4,,
71,,u,whichᵒ,,hard coded,1.4,,
72,,u,which,,hard coded,1.4,,
73,,u,who,,hard coded,1.4,,
74,,u,whom,,hard coded,1.4,,
75,,u,whoᵒ,,hard coded,1.4,,
76,,b,aʳ,,redundant,1.5,,
77,,b,did,,redundant,1.5,,
78,,b,inʳ,,redundant,1.5,,
79,,b,do,,redundant,1.5,,
80,,b,does,,redundant,1.5,,
81,,c,if,,redundant,1.5,,
82,,b,if,,redundant,1.5,,
83,,b,isʳ,,redundant,1.5,,
84,,b,itʳ,,redundant,1.5,,
85,,b,ofʳ,,redundant,1.5,,
86,,b,thatʳ,,redundant,1.5,,
87,,b,thenʳ,,redundant,1.5,,
88,,b,toʳ,,redundant,1.5,,
89,,na,there,,hard coded,1.6,,
90,,ddi,aᵃ,,((aᵃ bRc) ≡ ((zRc) & (zIGb) & (zIAe))) & (e=general),2,,
91,,ds,anᵃ,,(anᵃ = aᵃ),,,
92,,ddi,a,x,((a bRc) ≡ ((zRc) & (zIGb) & (zIAe) & (zIAf))) & (e=indefinite) & (f=particular),2,,
93,,o,a,,"E.g. when definining determinatives the determinative must be before the subject and the new indefinite variables must be w,x,y,z",2,,
94,,o,a,,If the same sentence is both antecedent and conjunct then the conjunct must appear first in the definition,2,,
95,,di,all,y,(((all bRc) & (bIGy) & (bOFPd)) ≡ (any dRc)) & (y=plural form),2,,
96,,ds,all of the,,(all of the=all),2,,
97,,o,all of the,,E.g. All of the boys went home iff all boys went home.,2,,
98,,ds,all the,,(all the=all),2,,
99,,ds,another,,(another bRc) ≡ ((zRc) & (zIGb)),2,,
100,,ddi,any,x,((any bRc) ≡ (((zIGb) → (zRc)) & (yIGb) & (yIAd) & (zIAe))) & (d=particular) & (e=general),2,,
101,,dt,anyⁿ,,(b~R anyⁿ c) ≡ (bR no c),2,,
102,,o,anyⁿ,,E.g. I dont have anyⁿ cars iff I have no cars.,2,,
103,,ws,anyone,,(anyone = any person),2,,
104,,d,anyone except,,((anyone except bRc) ≡ ((anything except bRc) & (bIGd))) & (d=person),2,,
105,,ws,anythingᵃ,,(anything = aᵃ thing),,,
106,,ws,anything,,(anything = any thing),2,,
107,,d,anything except,x,(anything except bRc) ≡ (((z=~b) → (zRc)) & (b~Rc)),2,,
108,,ds,every,,(every=any),2,,
109,,ws,everyone,,(everyone = any person),2,,
110,,ds,everyone except,,(everyone except = anyone except),2,,
111,,ws,everything,,(everything = any thing),2,,
112,,d,everything except,,(everything except = anything except),2,,
113,,d,everything exceptᵖ,,(((everything exceptᵖ bRc) & (bIGy) & (bOFPd)) ≡ (((z~IGd) → (zRc)) & ((yIGd) → (y~Rc)))) & (y=plural form),2,,
114,,dd,few,,(d=many) & (((few bRc) & (bOFPd) & (bIGe)) ≡ ((zIGd) & (zRc) & (zIAd) & (yIGd) & (y~Rc) & (yANe) & (eAF 0) & (zANf) & (eAFf))) & (e=plural form),2,,
115,,pa,it,,hard coded,2,,
116,,dd,manyᵈ,x,(((manyᵈ bRc) & (bOFPd) & (bIGf)) ≡ ((zRc) & (zIGb) & (zIAe))) & (e=many) & (f=plural form),2,d = determinative,
117,,o,manyᵈ,,"E.g. If all presidents up to 2012 have been male, then manyᵈ presidents up to 2012 have been male.",2,,
118,,dd,manyᵐ,,(d=many) & (((manyᵐ bRc) & (bOFPd) & (bIGe)) ≡ ((zIGb) & (zRc) & (zIAd) & (yIGb) & (y~Rc) & (yANe) & (y ≠ z) & (zIAg) & (yIAg) & (eAF 0) & (zANf) & (fAFe))) & (e=plural form) & (g=indefinite),2,m = the majority,
119,,dd,manyʳ,,(d=many) & (((manyʳ bRc) & (bOFPd) & (bIGe)) ≡ ((every zIGd) & (every zRc) & (every yIGd) & (no yRc) & (yANf) & (zANg) & (fAFg))) & (e=plural form),2,,
120,,o,manyʳ,,EXP - we might replace manyᵐ with manyʳ later,,,
121,,dd,manyⁿ,,(((manyⁿ bRc) & (bOFPd) & (bIGe)) ≡ ((zIGd) & (zRc) & (zIAg) & (yIGd) & (y~Rc) & (yIAg) & (yIAf) & (zIAf) & (yIAh) & (zIAh) & (y ≠ z))) & (e=plural form) & (f=indefinite) & (g=many) & (h=particular),2,n = not all,
122,,dd,manyⁿ,,E.g. If saw manyⁿ stars then it doesnt follow that I saw the majority of stars,2,,
123,,dd,manyᵒ,,(((manyᵒ bIGc) & (bOFPd) & (bIGe) & (cOFPf) & (cIGe)) ≡ ((zIGf) & (zIGd) & (zIAd) & (yIGd) & (y~IGf) & (yIAd) & (zIAh) & (yIAh))) & (e=plural form) & (g=many) & (h=indefinite),2,,
124,,dd,manyˢ,,(manyˢ bRc) ≡ ((zIGb) & (zRc) & (zIAd) & (yIGb) & (y~Rc) & (yIAd)),2,,
125,,dd,manyˢ,,EXP - the sole purpose of the above is that when we negate 'everyone' we negate a singular noun and since 'not everyone' is equivalent to 'many people' we need 'many' to modify a singular noun.,2,,
126,,dd,no,x,(((no bRc) & (bIGy) & (bOFPd)) ≡ ((xIAe) & (xIGd) & (zIAf) & ((zIGd) → (z~Rc)))) & (y=plural form) & (e=definite) & (f=general),2,,
127,,d,no one except,,((no one except bRc) ≡ ((only bRc) & (bIGd))) & (d=person),2,,
128,,ds,none of the,,(none of the = no),2,,
129,,d,noˢ,,((noˢ bRc) ≡ (((zIGb) → (z~Rc)) & (yIGb) & (zIAe) & (yIAd))) & (d=definite) & (e=general),2,,
130,,ws,nothing,,(nothing = noˢ thing),2,,
131,,ds,nothing except,,(nothing except = only),2,,
132,,ds,nothing exceptᵖ,,(nothing exceptᵖ = onlyᵖ),2,,
133,,d,nothingᵈ,,((nothingᵈ bRc) ≡ ((no b dRc) & (dIGz))) & (z=thing),2,,
134,,d,nothingᵈ,,E.g. Nothingᵈ gigantic isᵃ small iff no giant is small.,2,d=determinative,
135,,xs,notⁱ a,,(notⁱ a = noˢ),2,,
136,,xs,notⁱ aᵃ,,(notⁱ aᵃ = noˢ),2,,
137,,xs,notⁱ a,,(notⁱ a = noˢ),2,,
138,,xs,notⁱ all,h,(notⁱ all = manyⁿ),2,,
139,,xs,notⁱ anything,,(notⁱ anything = no thing),2,,
140,,xs,notⁱ everyone,,(notⁱ everyone = manyˢ person),2,,
141,,xs,notⁱ everything,,(notⁱ everything = manyˢ thing),2,,
142,,dd,notⁱ manyᵈ,,(((notⁱ manyᵈ bRc) & (bOFPd) & (bIGe)) ≡ (exactly one dRc)) & (e=plural form),2,,
143,,xs,notⁱ manyᵐ,,(notⁱ manyᵐ = few),2,,
144,,xs,notⁱ manyⁿ,,(notⁱ manyⁿ = every),2,,
145,,xs,notⁱ manyⁿ,,"E.g. Notⁱ justʳ manyⁿ men are mortal, all men areᵃ mortal",2,,
146,,ds,one,,(one=some),2,,
147,,ds,one of,,(one of=some),2,,
148,,dd,only,x,(only bRc) ≡ (((z=~b) → (z~Rc)) & (bRc)),2,,
149,,dd,onlyᵖ,x,(((onlyᵖ bRc) & (bIGx) & (bOFPd)) ≡ (((z~IGd) → (z~Rc)) & (any dRc))) & (x=plural form),2,,
150,,ds,some,,(some=a),2,,
151,,ds,some of the,,(some of the = manyᵈ),2,,
152,,ds,someᵐ,,(someᵐ = manyᵈ),2,m = many,
153,,ds,someᵒ,,(someᵒ = manyᵒ),2,,
154,,ws,someone,,(someone = some person),2,,
155,,ws,someoneⁿ,,(someoneⁿ = someᵐ person),2,,
156,,o,someᵖ,,E.g. Someᵖ UK prime ministers are male.,2,,
157,,ds,someᵖ,,(someᵖ = manyⁿ),2,,
158,,ws,something,,(something = a thing),,,
159,,ws,somethingᵃ,,(somethingᵃ = aᵃ thing),2,,
160,,ds,thatᵈ,,(thatᵈ=the),2,d = determinative,
161,,ddi,the,x,((the bRc) ≡ ((zRc) & (zIGb) & (zIAe) & (zIAd))) & (d=particular) & (e=definite),2,,
162,,ds,theᵃ,,(theᵃ=a),2,,
163,,ds,theᵃ,,E.g. Logic nourishes theᵃ soul iff logic nourishes some souls.,2,,
164,,dr,theʳ,,redundant,2,,
165,,ds,this,,(this=the),2,,
166,,p,he,,(d=person) & (e=male) & ((he Rc) ≡ ((cRb) & (cIAe) & (cIGd))) & (g=definite) & (h=particular),3,,
167,,ps,her,,(her=she),3,,
168,,q,herᵖ,,(d=person) & (e=female) & ((herᵖ bRc) ≡ ((bRc) & (dIAe) & (dPSb))),3,,
169,,ps,him,,(him=he),3,,
170,,q,his,,(e=male & ((his bRc) ≡ ((bRc) & (dIGe) & (dPSb))),3,,
171,,p,ii,,(d=person) & ((ii Rb) ≡ ((cRb) & (cIGd) & (cIAg) & (cIAh))) & (g=definite) & (h=particular),3,,
172,,p,ii,,"E.g. in the sentence I think, I is replaced with ii.",3,,
173,,pa,itᵖ,,propositional it,3,,
174,,o,itᵖ,,E.g. Itᵖ is false that some pigs fly.,3,,
175,,p,itʷ,,hard coded,3,,
176,,p,itʷ,,E.g. itʷ is raining,3,w = world,
177,,ps,me,,(me=ii),3,,
178,,p,my,,(e=person & ((my bRc) ≡ ((bRc) & (dIGe) & (dPSb))),3,,
179,,q,our,,(d=person) & ((our bRc) ≡ ((bRc) & (eIGd) & (zIGe) & (ePSb))),3,,
180,,p,she,,(d=person) & (e=female) & ((she Rc) ≡ ((cRb) & (cIGd) & (cIAe) & (cIAg) & (cIAh))) & (g=definite) & (h=particular),3,,
181,,q,their,,(d=person) & ((their bRc) ≡ ((bRc) & (eIGd) & (zIGe) & ((eHb) ⊻ (eHWb) ⊻ (eOWNb)))),3,,
182,,ps,them,,(them=they),3,,
183,,p,they,,(d=person) & ((they Rb) ≡ ((cRb) & (cIGd) & (zIGc) & (cIAg) & (cIAh))) & (g=definite) & (h=particular),3,,
184,,p,we,,(d=person) & ((we Rc) ≡ ((cRb) & (cIGd) & (zIGc) & (cIAg) & (cIAh))) & (g=definite) & (h=particular),3,,
185,,p,you,,(d=person) & ((you Rb) ≡ ((cRb) & (cIGd) & (cIAg) & (cIAh))) & (g=definite) & (h=particular),3,,
186,,p,youᵖ,,(d=person) & ((youᵖ Rb) ≡ ((cRb) & (cIGd) & (zIGc))) & (g=definite) & (h=particular),3,,
187,,q,your,,(e=person) & ((your bRc) ≡ ((bRc) & (dIGe) & (dPSb))),3,,
188,,q,yourᵖ,,(d=person) & ((yourᵖ bRc) ≡ ((bRc) & (eIGd) & (zIGe) & (ePSb))),3,,
189,,n,ability,,(c=ability) & (e=possible worlds) & (((bIGc) & (bOFd) & (R VCPb)) ≡ ((z⇿dR) & (w⇿d~R) & ((zSTRw Tu) → (zP mn e Tt)) & (tSUTu))),4,,
190,,r,aboveᵃ,ABO,(aboveᵃ=ABO) & ((bABOc) ≡ ((bSz) & (zABc))),4,,
191,,r,aboveᵐ,ABV,(aboveᵐ=ABV) & ((bABVc) ≡ ((bSz) & (cSy) & (zABy))),4,,
192,,n,absolute fact,,(b=absolute fact) & (c=abstract space) & ((pIGb) ≡ ((pPz) ⊻ (pIc))),4,,
193,,n,absolute facts,,(bPCPc) & (b=absolute facts) & (c=absolute fact),4,,
194,,ns,absolute state of affairs,,(absolute state of affairs=absolute facts),4,,
195,,a,absolutely consistent,,(b=absolutely consistent) & (c=abstract space) & ((pIAb) ≡ ((q⇿pIA⊤) & (qIc))),4,,
196,,a,absolutely true,,(b=absolutely true) & ((pIAb) ≡ (pIc)),4,,
197,,a,abstract,,(c=abstract) & (d=reality) & (e=relation) & ((bIAc) ≡ ((bAz) ⊻ (yAb) ⊻ (bId) ⊻ (b=d) ⊻ (sANb) ⊻ (bAWr) ⊻ (qAWb) ⊻ (bHWp) ⊻ (bHVo) ⊻ (nHVb) ⊻ (uIAb) ⊻ (tIGb) ⊻ (wSb) ⊻ (vTb) ⊻ (bIGe))),4,,
198,,n,abstract essence,,(c=abstract essence) & ((bIGc) ≡ ((zIGy) ≡ (zHb))),4,,
199,,n,abstract space,,(b=abstract space) ≡ (zIb),4,,
200,,n,abstract spatial part,,(c=abstract spatial part) & (bIGc) & ((bOFd)) ≡ (bINd)) & (zSb) & (ySd),4,,
201,,o,abstract spatial part,,E.g. The hypotenuse is part of a right triangle.,4,,
202,,n,abstract spatial whole,,(c=abstract spatial whole) & (((bIGc) & (bOFd)) ≡ ((zSb) & (ySd) & (dINb))),4,,
203,,n,abstract temporal part,,(c=abstract temporal part) & (duringᵗ=DR) & (((bIGc) & (bOFd)) ≡ ((zTb) & (yTd) & (bDRd))),4,,
204,,o,abstract temporal part,,E.g. A second is an abstract temporal part of a minute.,4,,
205,,n,abstract temporal whole,,(c=abstract temporal whole) & (((bIGc) & (bOFd)) ≡ ((zTb) & (yTd) & (bDURd))),4,,
206,,a,abstractᶜ,,(c=abstractᶜ) & (e=abstract) & (((bIAc) & (dIGb)) ≡ (dIAe)),4,,
207,,e,abstractly,,((bEX abstractly) ≡ ((bIAd) & (bIAc))) & (c=abstract) & (d=extant),4,,
208,,o,abstractly,,E.g.  Numbers exist abstractly.  The relation in the above must be exist,4,,
209,,a,absurd,,(b=absurd) & ((pIAb) ≡ ((p~IA⊤) & (¬p~IA⊤))),4,,
210,,a,acceptable,,(b=acceptable) & ((pIAb TO c) ≡ ((zCRRp) & (y⇿zPx) & (cDSy))),4,,
211,,n,action,,(d=action) & (cause=CAU) & (((bIGd) & (bOFc)) ≡ (cCAUb)),4,,
212,,a,actual,,(c=actual) & (((bIAc) & (bIGd)) ≡ (bIGd)),4,,
213,,ns,actual space,,(actual space=space),4,,
214,,rs,actualize,ACU,(actualize = materialize),4,,
215,,e,actually,,(b=abstract space) & ((p actually) ≡ (pIb)),4,,
216,,a,actualᵖ,,(c=actualᵖ) & (d=abstract space) & ((pIAc) ≡ (pId)),4,,
217,,a,alethic space,,(b=alethic space) & (c=relation) & (((R IAb) & (R IGc)) ≡ ((R=P) ⊻ (R=I) ⊻ (R=AI))),4,,
218,,r,allow,ALO,(allow=ALO) & (e⇿bPRVc) & ((bALOc) ≡ ((dTRYc) → (b~TRYe))),4,,
219,,e,always,,(b=moment) & (c=possible world) & (d=abstract space) & (qCRRp) & ((p always) ≡ (((eIGb) → ((pId) & (pTe))) & ((fIGc) → (qPf)))),4,,
220,,o,always,,EXP: b is the concept 'moment' and c is the concept 'possible world' and d is the concept 'abstract space' and p always iff if something is a moment then p exists at abstract space at it and q corresponds to p and if something is a possible world then q exists at it.,4,,
221,,rs,appear,,(appear=SM),4,,
222,,aa,arbitrary,,hard coded,,,
223,,n,arbitrary group,,(c=arbitrary group) & (x⇿(wIGb) ⇔ (wHv)) & (u⇿tBx) & ((bIGc) ≡ ((zIGb) & (yIGb) & ((sIGb) ≡ (sHu)))),4,,
224,,o,arbitrary group,,"EXP: the point of this definition is to accomadate the set\theoretical belief that members of sets need not have a property in common.  In reality, arbitrary groups need have no property in common, other than the property that someone believes that all of their members form a set.  All the members of real groups, on the other hand, share an objective property.",4,,
225,,ns,area ,,(area=region),4,,
226,,a,artificial,,(c=artificial) & (d=natural) & (f=person) & (g⇿bIAd) & (h=past) & ((bIAc) ≡ ((bIAd) & (eIGf) & (eCAg INTh)) ,4,,
227,,rs,atⁱ,,(atⁱ=INP),4,,
228,,o,atⁱ,,E.g. Im atⁱ Kieras house iff Im inᵖ Kieras house.,4,,
229,,rs,atⁿ,,(atⁿ=NXT),4,,
230,,o,atⁿ,,E.g. Im at the bank could mean that Im just outside the bank or that Im inᵖ the bank.,4,,
231,,n,atomic relationship,,(c=atomic relationship) & (d=subject) & (e=relation) & (f=object) & (g=truth value) & (h=locative molecular relationship) & (i=variable) & ((bIGc) ≡ ((zIGd) & (yIGe) & (wIGg) & (bHz) & (bHy) & (vIGf) & (bHV) & (bHv) & (vIGi) & (zIGi) & (uIGh) & (bIGd) & (uHb))),4,,
232,,a,atomicᵖ,,(b=atomicᵖ) & (c=property) & (e=relationship) & (g⇿fHd) & (((dIGc) & (dIAb)) ≡ ((hIGe) → (h⊬g))),4,,
233,,a,atomicʳ,,(b=atomicʳ) & (f=relationship) & (h=relation) & (c⇿dRe) & (((R IAb) & (R IGf)) ≡ ((gIGf) → (g⊬c))),4,,
234,,rs,atᵖ,,(atᵖ = participate),4,,
235,,rs,attempt,,(attempt=TRY),4,,
236,,as,authentic,,(authentic=actual),4,,
237,,na,authority,,postponed,4,,
238,,rs,aware of,,(aware of=TK),4,,
239,,n,axiom,,(c=axiom) & (d=relationship) & ((bIGc) ≡ ((eIGd) → (e⊬b))),4,,
240,,a,bald,,(c=bald) & (d=hairs) & (g=hair) & ((bIAc SeTf) ≡ ((bHW ~mn dSeTf) ⊻ ((zIGg) → (b~HWz SeTf)))),4,,
241,,o,bald,,EXP: the reason why we have 'hairs areᵍ b' is because we need to indicate that the hairs are part or belong to the person in question and the IG relation accomplishes this.  What this definition allows us to verify is someone is bald iff they have few or no hairs at a certain spot.,4,,
242,,r,become natural,BCN,(become=BCN) & (z=natural) & ((bBCNz Tc) ≡ (bMTL Tc),4,,
243,,r,before,BF,(before=BF) & ((bBFc) ≡ (cAb)),4,,
244,,r,behind,BH,(behind=BH) & ((bBHc) ≡ (cFRb)),4,,
245,,n,belief,,(c=belief) & ((bIGc) ≡ ((zBb) & (yHWz))),4,,
246,,r,believe,B,(believe=B) & (z=true) & (y=relationship) & (d⇿cIAz) & ((bBc) ≡ ((bTKc) & (cIGy) & (bTKd))),4,,
247,,r,believe (negated),~B,(not believe=B) & (d=true) & (e=relationship) & ((b~Bc) ≡ ((bTKc) & (cIGe) & (z⇿cIAd) & (b~TKz))),4,,
248,,rs,believes,,(believes = B),4,,
249,,r,believesᵗ,BT,(believe tentatively=BT) & ((bBTp) ≡ ((q⇿b~Bp) & (r⇿qPz) & (bBr) & (bBp))),4,,
250,,o,believesᵗ,,EXP: what this definition means is that we believe something tentatively iff we believe that there is a probability that we will not believe it in the future which is what the P relation allows us to do.,4,,
251,,rs,believeᵗ ,,(believeᵗ=BT),4,t = tentatively,
252,,rs,belongᵍ ,,(belongᵍ=IG),4,g = group,
253,,rs,belong to,,(belong to = isᵍ),4,,
254,,rs,belongs to,,(belongs to = isᵍ),4,,
255,,r,belongᵒ,BLG,(belongᵒ=BLG) & ((bBLGc) ≡ (cOWNb)),4,,
256,,r,below,BEL,(belowᵃ=BEL) & ((bBELc) ≡ ((bSz) & (cABz))),4,,
257,,r,below,BW,(below=BW) & ((bBWc) ≡ (cABb)),4,,
258,,r,belowᵐ,BLW,(belowᵐ=BLW) & ((bBLWc) ≡ ((bSz) & (bSy) & (yABz))),4,,
259,,r,betweenᵖ,BTP,(betweenᵖ=BTP) & ((bBTPc d) ≡ ((bANz) & (cANy) & (dANx) & (((xAFz) & (zAFy)) ⊻ ((yAFz) & (zAFx))))),4,,
260,,r,betweenᵖ,BTW,(between=BTW) & ((bBTWc d) ≡ (((bAFc) & (dAFb)) ⊻ ((dAFb) & (cAFb)))),4,n=number,
261,,rs,betweenᵗ ,,(betweenᵗ=CBT),4,t = time,
262,,ns,body ,,(body=matter),4,,
263,,n,boundary,,(c=boundary) & (((bIGc) & (dHb)) ≡ (dINb)),4,,
264,,rs,break,,(break=VIO),4,,
265,,n,broad reality,,(d=abstract space) & ((b=broad reality) ≡ (((zId) ⊻ (xPy)) → (zIGb))),4,,
266,,ea,canᵃ,,(d=ability) & (((p⇿bR) & (p canᵃ) & (R VCPc)) ≡ (cIGd)),4,,
267,,o,canᵃ,,E.g. Bob canᵃ speak Dutch.,4,,
268,,e,cannotʷ,,(state=STT) & (c=absolutely false) & (((p cannotʷ) & (bSTTp)) ≡ ((bDSz) & (z⇿pIAc))),4,,
269,,o,cannotʷ,,EXP: It cannot be the case that we've lost iff I hope that we haven't lost.,4,,
270,,as,case,,(case = true),4,,
271,,ns,category ,,(category=kind),4,,
272,,n,causal part,,(c=causal part) & (((bIGc) & (bOFd)) ≡ ((dCAUc) & (bIGd))),4,,
273,,o,causal part,,E.g. Women were an important part of the reform movement.  What this means is that several things caused the reform which form a real group and the actions of women were a member of that group.,4,,
274,,n,causal whole,,(c=causal whole) & (((bIGc) & (bOFd)) ≡ ((bCAUc) & (dIGb))),4,,
275,,r,cause,CA,(cause=CA) & (succeedᵗ=SUT) & ((b ScTd CA e ScTf) ≡ ((z⇿eSc) & (y⇿¬eSc) & ((bScTd) → ((y~PαTx) & (zPαTx) & (eScTf))) & (fSUTx) & (xSUTd))),4,,
276,,rs,causeᵃ,,(causeᵃ=MK),4,,
277,,r,causeⁱ,CAU,(causeⁱ=CAU) & ((bCAUc) ≡ ((bSz Ty CA c SzTx))),4,,
278,,r,causeᵖ,CAS,(causeᵖ=CAS) & (e=abstract space) & ((bCASc GVd) ≡ ((((dIe Ty) & (bSzTy)) → (cPx)) & (xANw) & (((dIe Ty) & (b~SzTy)) → (cPv)) & (vANu) & (wAFu))),4,,
279,,a,certain,,(b=certain) & (((cIAb) & (cTOd Tg)) ≡ ((e⇿(cIf)) & (dTKe Tg) & (h⇿(d~TKe Tk)) & (i⇿((jIGm) → (h~Pj))) & (kAg) & (dTKi))) & (f=reality) & (g=now) & (m=possible world),4,,
280,,ns,characteristic ,,(characteristic=property),4,,
281,,r,chronologically between,CBT,(chronologically between=CBT) & ((bCBTc d) ≡ (((bAc) & (dAb)) ⊻ ((bAd) & (cAb)))),4,,
282,,o,chronologically between,,E.g. 1912 is chronologically between 1910 and 1914 iff 1912 is after 1910 and 1914 is after 1912.,4,,
283,,ns,complex individual,,(complex individual=individual),4,,
284,,n,conceptⁿ,,(c=conceptⁿ) & ((bIGc) ≡ (zIGb)),4,,
285,,n,conceptᵃ,,(c=conceptᵃ) & ((bIGc) ≡ (yIAb)),,,
286,,na,concept phrase,,concept phrase: postponed,4,,
287,,o,concept phrase,,E.g. Walking home is a concept\phrase.,4,,
288,,ns,conceptᵖ,,(conceptᵖ=plan),4,p=plan,
289,,,conceptᵖ,,"E.g. The United States never did ratify the Treaty of Versailles nor join the League of Nations, which had initially been Wilsons concept. ",4,,
290,,as,concrete,,(concrete=particular),4,,
291,,o,concrete,,E.g. The North Pole is a concrete point iff the North Pole is a particular point.,4,,
292,,ns,condition,,(condition=property),4,,
293,,o,condition,,E.g. He is in a miserable condition.,4,,
294,,ns,conditionˢ,,(conditionˢ=situation),4,,
295,,o,conditionˢ,,"E.g. If the following condition is actual, i.e., there is a fire, run for the fire exit.",4,,
296,,o,conscious,,E.g. b is conscious of dogs iff b thinks about dogs.,4,,
297,,rs,conscious of,,(conscious of=TK),4,,
298,,r,contain,CT,(contain=CT) & ((bCTc) ≡ (cINb)),4,,
299,,a,contingently contradictory,,(b=contingently contradictory) & (c=contingent) & ((p∧qIAb) ≡ ((pIAc) & (qIAc) & (p∧q~IA⊤))),4,,
300,,a,contingently false,,(b=contingently false) & (c=abstract space) & ((pIAb) ≡ ((pIA⊤) & (¬pIA⊤) & (p~Ic))),4,,
301,,a,contingently true,,(b=contingently true) & (c=abstract space) & ((pIAb) ≡ ((pIA⊤) & (¬pIA⊤) & (pIc))),4,,
302,,rs,contrary of,,(contrary of=NEG),4,,
303,,as,contrasting ,,(contrasting=different),4,,
304,,a,conventionally necessary,,(b=conventionally necessary) & (d=people) & (e=strange) & (f=rude) & (v⇿u~Pα) & (x⇿(zIAe) ⊗ (zIAf)) & ((pIAb SsTt) ≡ (((mn dDSv SsTt) ⊻ (all dDSv SsTt)) & (uCRRp) & (yCRRp) & ((z~CAy SsTt) → ((mn dBx SsTt) ⊻ (all dBx SsTt))) & ((zCAy SsTt) → ((mn d~Bx SsTt) ⊻ (all d~Bx SsTt))))),4,,
305,,r,correspond,CRR,(correspond=CRR) & (b=abstract space) & (y⇿(xAIw) ⊗ (xIb) ⊗ (xPw)) & ((pCRRq) ≡ ((pHy) & (((pHz) & (z=~y)) → (qHz)))),4,,
306,,r,correspondˢ,CRS,(correspondsˢ to=CRS) & ((bCRSc) ≡ ((z⇿yIx) & (((bHw) & (w=~z)) → (cHw)))),4,,
307,,o,correspondˢ,,EXP: what this definition means is that c has every property that b has with the exception of existing in physical space. This definition is different than the above because it is just a correspondence between a physical thing and a non\physical thing.,4,,
308,,n,courage,,(b=courage) & ((cHb) ≡ (cIAd)) & (d=courageous),4,,
309,,na,courageous,,courageous: postponed,4,,
310,,na,dead,,dead: postponed,4,,
311,,aa,definite,,hard coded,,,
312,,as,definiteᵛ,,(definiteᵛ = certain),4,v=vague,
313,,n,definite description,,(c=definite description) & (d=property) & ((bIGc) ≡ ((bIGd) & (yIGb) & (only zHb))),4,,
314,,o,definite description,,EXP: a definite description is a set of properties that only one thing has at one moment in time.,4,,
315,,n,desirable relationship,,(c=desirable relationship) & (d=relationship) & (e=relation) & ((bIGc) ≡ ((bIGd) & (bHVz) & (z=DS) & (zIGe))),4,,
316,,a,different,,(c=different) & ((b d IA c) ≡ (b=~c)),4,,
317,,r,different from,DF,(is different from=DF) & ((bDFc) ≡ (b=~c)),4,,
318,,a,difficult,,(c=difficult) & (e=possible worlds) & (((bIAc) & (bTOd)) ≡ ((dTRYb) → (bP ~mn e))),4,,
319,,a,divine,,(b=divine) & (c=God) & ((dIAb) ≡ (d=c)),4,,
320,,a,divineˢ,,(c=divineˢ) & (d=God) & ((bIAc) ≡ (bSMLd)),4,s=similar,
321,,ns,duration ,,(duration=period),4,,
322,,r,during,DUR,(during=DUR) & ((pDURb) ≡ ((zIGb) & (yIGb) & (pTx) & (xAy) & (zAx))),4,,
323,,r,duringᵒ,DRG,(duringᵒ=DRG) & ((bDRGc) ≡ ((zIGc) & (yIGc) & (zTx) & (yTv) & (bTu) & (uAx) & (xAv))),4,o=object,
324,,r,duringᵗ,DR,(duringᵗ=DR) & ((bDRc) ≡ ((zIGc) & (yIGc) & (zAb) & (bAy))),4,t=temporal,
325,,r,earlier than,EAR,(earlier than=EAR) & ((bEARc) ≡ (cAb)),4,,
326,,ns,empty space,,(empty space=void),4,,
327,,rs,entails ,,(entails=⊢),4,,
328,,a,entire past,,(d=current present) & ((b=entire past) ≡ ((zIGb) → (dAz))),4,,
329,,ns,entity,,(entity=thing),4,,
330,,ns,entityⁿ,,(entityⁿ=objectⁿ),4,n=noun,
331,,n,epistemic possible world,,(b=epistemic possible world) & (f⇿d~Be) & (((cIGb) & (cTOd)) ≡ (fPc),4,,
332,,a,epistemically contingent,,(b=epistemically contingent) & (believe tentatively=BT) & ((pIAb TO c) ≡ (cBTp)),4,,
333,,a,epistemically impossible,,(b=epistemically impossible) & (e=possible world) & (r⇿(dIGe) ⊃ (d~Pe)) & (q⇿cBp) & ((pIA b TO c) ≡ ((cBr) & (bBp))),4,,
334,,a,epistemically necessary,,(b=epistemically necessary) & ((pIA b TO c) ≡ (cKNp)),4,,
335,,a,epistemically probable,,(b=epistemically probable) & (((pIAb) & (pTOc Td)) ≡ ((z⇿cBp Ty) & (x⇿c~Bp Ty) & (yAd) & (zANw) & (yANv) & (u⇿wAFv) & (cBu Td))),4,,
336,,o,epistemically probable,,EXP: In 'this letter is probably from Sally' the event is only probable due to the person's ignorance.  If they had more information such as opening the letter there would be no probability about.  What the definition does is the person believes that the probability that they will continue to believe p in the future is higher than the probability that they will not believe p in the future.,4,,
337,,ns,essenceᵃ,,(essenceᵃ=abstract essence),4,,
338,,ns,essenceⁿ,,(essenceⁿ=natural essence),4,n=natural,
339,,ns,essenceᵘ,,(essenceᵘ=unique essence),4,i=individual,
340,,n,event,,(b=event) & ((pIGb) ≡ (pOC)),4,,
341,,ra,exists,EX,(c=extant) & (EX=exists) & ((bEX) ≡ (bIAc)),4,,
342,,rs,exists as a sensation ,,(exists as a sensation=ES ),4,,
343,,r,exists divinely,ED,(exists divinely=ED) & (c=God) & ((bED) ≡ (bIGc)),4,,
344,,r,exists historically,EH,(exist historically=EH) & (c=current present) & ((bEH) ≡ ((bSzTy) & (cAy))),4,,
345,,r,exists in the imagination,EI,(exists in the imagination=EI) & ((bEI) ≡ (bAIz)),4,,
346,,r,exists intersubjectively,EIN,(exists intersubjectively=EIN) & ((bEIN) ≡ ((bAIy z) & (xAN2) & ((y=x) ⊻ (yAFx)))),4,,
347,,o,exists intersubjectively,,EXP: What this means is that something exists intersubjectively iff it exists in 2 or more imaginations.,4,,
348,,r,exists mentally,EM,(exists mentally=EM) & ((bEM) ≡ (bTKz)),4,,
349,,r,exists naturally,EXN,(exists naturally=EXN) & ((bEXN) ≡ (bSz)),4,,
350,,rs,exists physically ,,(exists physically=EXN ),4,,
351,,r,exists probabilistically,EP,(exists probabilistically=EP) & ((bEP) ≡ (bPz)),4,,
352,,r,exists sensationally,ES,(exists sensationally=ES) & ((bES) ≡ (bSSz)),4,,
353,,rs,existsᵃ,,(existsᵃ=EA),4,a=abstract,
354,,rs,existsⁱ,,(existsⁱ=EI),4,i=imaginary,
355,,rs,existsᵐ,,(existsᵐ=EM),4,m = mental,
356,,rs,existsⁿ,,(existsⁿ=EXN),4,n=natural,
357,,rs,existsᵖ,,(existsᵖ=EP),4,p=probability,
358,,rs,existsˢ,,(existsˢ=ES),4,s=sensation,
359,,r,existsᵛ,EXV,(exists variously=EXV) & (z=abstract space) & ((bEXV) ≡ ((bEX) & ((bIz) ⊻ (bSz) ⊻ (bSSz) ⊻ (bPz) ⊻ (bAIz)))),4,a=ambiguous,
360,,rs,existsᵛ,,(existsᵛ=EXV),4,v=various,
361,,r,experience,EXP,(experience=EXP) & ((bEXPc Td) ≡ ((c~SSz Ty) & (cSSz Td) & (bHWc Td) & (dSUTy))),4,,
362,,a,fake,,(c=putatively fake) & (((bIAc) & (bTKd) & (d⇿(b~IGe))) → (b~IGe)),4,,
363,,a,false.,,(c=false) & (d=absolutely false) & (e=putatively false) & (f=absolutely contradictory) & (g=putatively contradictory) & ((bIAc) ≡ ((bIAd) ⊻ (bIAe) ⊻ (bIAf) ⊻ (bIAg))),4,,
364,,n,familial part,,(c=familial part) & (((bIGc) & (bOFd)) ≡ (bIGd)),4,,
365,,o,familial part,,E.g. This tiger is part of the species tiger.,4,,
366,,ns,familial whole,,(familial whole=group),4,,
367,,ns,feature ,,(feature=property),4,,
368,,d,few ,,(few=~mn),4,,
369,,as,forbidden,,(forbidden=morally impossible),4,,
370,,as,forbiddenˡ,,(forbiddenˡ=legally impossible),4,,
371,,rs,fromᵇ,,(fromᵇ = born),4,,
372,,as,genuine,,(genuine=actual),4,,
373,,r,given,GV,(given=GV) & ((pGVq) ≡ (q⊃p)),4,,
374,,ra,go to,GO,postponed,4,,
375,,ra,go,GO,postponed,,,
376,,n,goal,,(c=goal) & (((bIGc) & (bFORd)) ≡ (dDSb)),4,,
377,,n,God,,(b=God) ≡ (((b~EX) & (z=~b)) → (z~EXN)),4,,
378,,ra,goes,GO,(GO=MOV),4,,
379,,r,greater than,GR,(greater than=GR) & ((bGRc) ≡ (bAFc)),4,,
380,,n,group,,(c=group) & ((bIGc) ≡ ((zIGb) & (zIAf) & (xIAe) & ((xIGb) ≡ (xIAw)))) & (e=general) & (f=particular),4,,
381,,n,groupᵉ,,(c=groupᵉ) & ((bIGc) ≡ ((zIGb) & (yIGb) & ((xIGb) ≡ (xH ~mn w)))),4,,
382,,o,groupᵉ,,"EXP: the point of this definition is that we have to distinguish between groups and kinds.  Members of groups have few properties in common, whereas members of kinds have many properties in common. E.g. Sometimes what characterizes a group is nothing more than all of its members occupied a certain space for a small period of time, such as 'there is a group of people over there'.  On the other hand, an enormous number of properties characterizes the kind called cats.",4,e = ephemeral,
383,,na,HA ... friend icm,,b and c have a friend in common: postponed,4,,
384,,na,HA ... propertyᵒ icm,,b and c have propertyᵒ in common: postponed,4,,
385,,ns,haecceity,,(haecceity=unique essence),4,,
386,,rs,happen ,,(happen=OC),4,,
387,,r,hasⁿ,HN,(hasⁿ=HN) & ((bHNc) ≡ ((bINd) & (bINe) & (eINUd))),4,,
388,,r,have ... in common,HC,(b cHCd icm) ≡ ((bHd) & (cHd)),4,,
389,,r,haveᵐ,HM,(haveᵐ=HM) & ((bHMc) ≡ (cIGb)),4,,
390,,r,hasᵐ,HM,(haveᵐ=HM) & ((bHMc) ≡ (cIGb)),,,
391,,o,haveᵐ,,E.g. A group hasᵐ members,4,,
392,,ra,have a baby,,postponed,4,,
393,,ra,have a feeling that,,postponed,4,,
394,,ra,have a friend,,postponed,4,,
395,,ra,have a moment,,postponed,4,,
396,,ra,have a name,,postponed,4,,
397,,ra,have a permit,,postponed,4,,
398,,ra,have a person,,postponed,4,,
399,,ra,have a plan,,postponed,4,,
400,,ra,have a question,,postponed,4,,
401,,ra,have a requirement,,postponed,4,,
402,,ra,have an experience,,postponed,4,,
403,,ra,have an idea,,postponed,4,,
404,,ra,have difficulty,,postponed,4,,
405,,ra,have fun,,postponed,4,,
406,,ra,have sex,,postponed,4,,
407,,ra,have space left,,postponed,4,,
408,,ra,have time,,postponed,4,,
409,,ra,have trouble,,postponed,4,,
410,,r,haveᵍ,HG,(hasᵍ=HG) & (d=member) & ((bHGc) ≡ (cIGb)),4,,
411,,o,haveᵍ,,E.g. This group hasᵍ 4 members.,4,,
412,,rs,haveᵒ ,,(haveᵒ=own),4,o = own,
413,,ra,haveʷ,HW,(c=body) &  (((bHWz) & (zIGc)) ≡ (zSy)),4,,
414,,r,haveʷ ... in common,HWC,(b cHWCd icm) ≡ ((bHWd) & (cHWd)),4,,
415,,rs,hence ,,(hence=⊢),4,,
416,,a,hirsute,,(c=hirsute) & (d=hairs) & ((bIAc SeTf) ≡ (bHW mn dSeTf)),4,,
417,,a,historical,,(c=historical) & (d=current present) & ((bIAc) ≡ ((bTz) & (dAz) & (b~Td))),4,,
418,,n,human law,,(c=human law) & (d=person) & ((bIGc) ≡ ((z⇿bPα) & (yIGd) & (yTRYz))),4,,
419,,n,hypothetical material object,,(c=hypothetical material object) & ((bIGc) ≡ ((bSz) ⊻ (b~Sd))),4,,
420,,o,hypothetical material object,,"EXP: A tachyon is a hypothetical material object that might exist in space but we're not sure.  Because we're not sure, it has a disjunctive status which hopefully one day will be eliminated.",4,,
421,,r,identify,,(identify=IDT) & ((bIDTc) ≡ ((cHd) & (cIAe) & (bTNKf) & (dIGg))) & (f ⇿ cHd) & (d=individual essence) & (e=particular),,,
422,,aa,indefinite,,postponed,4,,
423,,a,indefiniteᵃ,,(b=indefinite) & (((cIAb) & (cIGd)) ≡ (((eIGd) → ((fPg) & (¬fPh))) & (f ⇿ (c⇒i) & (e=i)) ,4,,
424,,rs,identical,,is identical to==,4,,
425,,n,identical with 0,,(c=identical with 0) & ((bIGc) ≡ (b=0)),4,,
426,,ns,identification,,(identification=definite description),4,,
427,,o,identification,,E.g. The 16th president is an identification of Lincoln iff the 16th president is a definite description of Lincoln.,4,,
428,,n,imagination,,(c=imagination) & ((bIGc) ≡ (zAIb)),4,,
429,,rs,implies ,,(implies=⊢),4,,
430,,ratso,in,IN,postponed,4,,
431,,o,in,,EXP: this is only a partian definition.  It is defined with → since it is too complicated to define it with ≡,4,,
432,,r,inᵇ,INB,((bINBc) ≡ (bIGc)) & (bIGd) & (d=moment),,,
433,,r,inᵇ,,E.g. That moment occurred inᵇ 1978.,,,
434,,r,inᶜ,INC,(bINCc) ≡ ((bIGd) & (cIGd) & ((eIGb) → (eIGc))) & (d=period),,,
435,,r,inᶜ,,E.g. January exists inᶜ winter.,,,
436,,rs,inᵃ ,,(inᵃ=DUR),4,a = at,
437,,o,inᵃ ,,"E.g. Carter was president inᵃ 1978, that is to say, he was president at every point in time during 1978.",4,,
438,,r,inᶜ,INC,(in) & ((bINCc) → ((zSc) & (dIGc) & (eIGc) & (fIGc) & (gIGc) & (hIGc) & (iIGc) & (jIGc) & (kIGc) & (hLFi) & (hABj) & (dFRh) & (eFRi) & (iABk) & (eABg) & (dLFe) & (dABf) & (fFRj) & (hLFb) & (hABb) & (bLFi) & (iABb) & (bLFk) & (bABk) & (jLFb) & (bABj))),4,,
439,,aa,indefinite,,postponed,4,,
440,,a,indefiniteᵃ,,(b=indefinite) & ((cIAb) & (cIGd)) ≡ (((eIGd) → ((fPg) & (f~Ph))) & (f ⇿ (e⇒i) & (c=i)),,,
441,,a,indeterminate,,(b=indeterminate) & (((pIAb) & ((p=q) ⊻ (p=r))) ≡ ((qANz) & (rANy) & (xANw) & (pANv) & (wAFy) & (zAFw) & ((vAFw) ⊻ (wAFv)))),4,,
442,,o,indeterminate,,E.g. It is indeterminate whether this patch is gray or black.,4,,
443,,a,indexical,,(b=indexical) & (h=particular) & ((bIGc) ≡ ((bRFd) & (eHVd) & (bRFf) & (gHVf) & (d≠f) & (dIAh) & (fIAh)) ,4,,
444,,aa,individual,,postponed,,,
445,,n,individualᵖ,,(b=individual) & ((cIGb) ≡ (((dIGe) → (d~IGc)) & (bHf) & (d~Hf))) & (e=thing),4,,
446,,ns,individual essence,,(individual essence=unique essence),4,,
447,,as,individualᵖ,,(individualᵖ=particular),4,,
448,,o,individualᵖ,,E.g. I saw an individual car drive by iff I saw a particular car drive by.,4,,
449,,r,infer,INF,(infer=INF) & ((bINFc d) ≡ ((z⇿¬c ∧ d) & (y⇿zIA⊥) & (bBy))),4,,
450,,a,infinite,,(c=infinite) & (((bIAc) & (bPCPc)) ≡ ((zIGc) → ((yAFz) & (zAFx)) ⊻ ((yAz) & (zAx)) ⊻ ((yLFz) & (zLFx)) ⊻ ((yABz) & (zABx)) ⊻ ((yFRz) & (zFRx)))),4,,
451,,a,infinite,,(c=infinite) & ((bIAc) ≡ ((zIGb) → ((yAFz) & (zAFx)) ⊻ ((yAz) & (zAx)) ⊻ ((yLFz) & (zLFx)) ⊻ ((yABz) & (zABx)) ⊻ ((yFRz) & (zFRx)))),4,,
452,,r,inᵍ,ING,(c=relationship) & (inᵍ=ING) & ((bINGp) ≡ (((bAWz) ⊻ (zAWb)) & (pHWb) & (pIGc))),4,,
453,,o,inᵍ,,E.g. red isᵉ inᵍ p and p isᵇ this is red iff b (exists) atʷ z and p has z.,4,,
454,,r,inⁿ,INN,(inⁿ=INN) & ((bINNc) ≡ ((dSb) & (bIGc))),4,,
455,,r,inᵐ ,INM,(inᵐ=INM) & ((bINMc) ≡ ((bSy) & (yIGc))),4,,
456,,r,inᵒ,INO,(inᵒ=INO) & ((bINOc) ≡ ((bSd) & (cSe) & (dINe)),,,
457,,rs,inˢ,INP,(inˢ = isᵍ),4,s = set,
458,,o,inˢ,,E.g. Obama is inˢ the Democratic Party,4,m=member,
459,,rs,inside,,(inside = INM),4,,
460,,ns,instance,,(instance = member),4,,
461,,rs,instantiate,,(instantiate=IG),4,,
462,,o,instantiate,,E.g. Obama instantiates president iff Obama isᵍ a president.,4,,
463,,rs,inᵗ ,,(inᵗ=during),4,t = time,
464,,o,inᵗ ,,E.g. I drank Coke inᵗ September means I did not drink coke at every point in time in September just part of the time.,4,,
465,,n,integer,,(c=integer) & ((bIGc) ≡ ((yAFb) & (bAFx))),4,,
466,,ns,interval ,,(interval=period),4,,
467,,rs,inᵘ,,(inᵘ=DR),4,,
468,,r,inᵘ,,(bINUc) → ((zIGc) & (bSz)),4,,
469,,r,inᵛ,INV,(inᵛ=INV) & (c=state) & ((bINV c | d) ≡ (bHd)),4,,
470,,r,is instantiated by,INSP,(instantiated by=INSP) & ((bINSPc) ≡ (cIGb)),4,,
471,,o,is instantiated by,,E.g. President in 2015 is instantiated by Obama.,4,,
472,,l,isᵇ,,(isᵇ=⇿),4,b=biconditional,
473,,o,isᵇ,,E.g. p isᵇ Dogs exist.,4,,
474,,r,isⁱ ,,(isⁱ = ≡),4,i = iff,
475,,o,isⁱ ,,"E.g. ""To be isⁱ to be the value of a variable"" reduces to something exists iff something is the value of a variable and isⁱ is synonymous with iff.",4,,
476,,ns,item,,(item=thing),4,,
477,,ns,itemⁿ,,(itemⁿ=objectⁿ),4,n=noun,
478,,n,kind,,(c=kind) & ((bIGc) ≡ ((zIGb) & (yIGb) & ((xIGb) → (xH mn w)))),4,,
479,,ns,kind,,(kind=type),4,,
480,,r,know absolutely,KNA,(know absolutely=KNA) & (c=abstract space) & ((bKNAp) ≡ (pIc)),4,,
481,,r,know putatively,,EXP: what this means is that one knows something putatively iff they believe p and they believe that it is not probable that they will one day not believe p.,4,,
482,,r,know putatively,,(know putatively=KN) & ((bKNc) ≡ ((bTKd) ≡ (bTKe))) & (f⇿cIg) & (g=reality) & (d⇿b will always TKf),,,
483,,r,know putatively,KN,(know putatively=KN) & (r⇿(cIGd) ⊃ (q~Pc)) & (q⇿b~Bp) & ((bKNp) ≡ ((bBr) & (bBp)),4,,
484,,r,later than,LAT,(later than=LAT) & ((bLATc) ≡ (bAc)),4,,
485,,r,left ofᵃ,LEF,(left ofᵃ=LEF) & ((bLEFc) ≡ ((bSz) & (zLFc))),4,,
486,,r,left ofᵐ,LFT,(left ofᵐ=LFT) & ((bLFTc) ≡ ((bSz) & (cSy) & (zLFy))),4,,
487,,a,legally contingent,,(b=legally contingent) & (d=authorities) & (punish=PNS) & ((pIAb SsTt) ≡ (((mn dDSv SsTt) ⊻ (all dDSv SsTt)) & (v⇿u~Pα) & (uCRRp) & (x⇿tPNSz) & ((z~CAp SsTt) → ((mn d~DSx SsTt) ⊻ (all d~DSx SsTt))) & ((zCAp SsTt) → ((mn d~DSx SsTt) ⊻ (all d~DSx SsTt))))),4,,
488,,a,legally impossible,,(b=legally impossible) & (d=authorities) & (punish=PNS) & ((pIAb SsTt) ≡ (((mn dDSv SsTt) ⊻ (all dDSv SsTt)) & (v⇿u~Pα) & (uCRRp) & (x⇿tPNSz) & ((zCAp SsTt) → ((mn dDSx SsTt) ⊻ (all dDSx SsTt))) & ((z~CAp SsTt) → ((mn d~DSx SsTt) ⊻ (all d~DSx SsTt))))),4,,
489,,a,legally necessary,,(b=legally necessary) & (d=authorities) & (punish=PNS) & ((pIAb SsTt) ≡ (((mn dDSv SsTt) ⊻ (all dDSv SsTt)) & (v⇿u~Pα) & (uCRRp) & (x⇿tPNSz) & ((z~CAp SsTt) → ((mn d~DSx SsTt) ⊻ (all d~DSx SsTt))) & ((zCAp SsTt) → ((mn dDSx SsTt) ⊻ (all dDSx SsTt))))),4,,
490,,r,lesser than,LSS,(lesser than=LSS) & ((bLSSc) ≡ (cAFb)),4,,
491,,r,lie,LI,(lies about=LI) & ((bLIpᶜ) ≡ ((bSTTpᶜ) & (b~Bp) & (z⇿cBp) & (bDSz))),4,,
492,,n,locative molecular relationship,,(c=locative molecular relationship) & (d=subject) & (e=molecular relationship) & (f=alethic space relation) & ((bIGc) ≡ ((zIGd) & (zIGe) & (yIGf) & (bHz) & (bHy))),4,,
493,,ns,logical space,,(logical space=abstract space),4,,
494,,a,logically contingent,,(b=logically contingent) & ((pIAb) ≡ ((pIA⊤) & (¬pIA⊤))),4,,
495,,a,logically impossible,,(b=logically impossible) & ((pIAb) ≡ ((p~IA⊤) & (¬pIA⊤))),4,,
496,,a,logically necessary,,(b=logically necessary) & ((pIAb) ≡ ((pIA⊤) & (¬p~IA⊤))),4,,
497,,a,logically possible,,(b=logically possible) & (c=logically necessary) & (d=logically contingent) & ((pIAb) ≡ ((pIAc) ⊻ (pIAd))),4,,
498,,as,logically true,,(logically true=logically necessary),4,,
499,,n,lower class,,(d=lower) & (c=class) & (f=natural essence) & (((bIGc) & (bIAd) & (eIGb)) ≡ (((zIGe) ≡ (zHy)) & (yIGf) & (((xIGe) & (α~IGx)) → (xSw)))),4,,
500,,r,make,MK,(bMKc) ≡ (b⊃c),4,,
501,,r,make sense,MK,(make=MK) & (c=senseᵃ) & (d=grammatical) & ((bMKc) ≡ ((bIAd) & (bIA⊤))),4,a=arbitrary,
502,,a,many,,(z=many) & (y=2) & ((bIAz) ≡ ((bANy) ⊻ ((bANc) & (cAFy)))),4,,
503,,ns,mass energy ,,(mass energy=matter),4,,
504,,a,material,,(z=material) & (y=matter) & ((bIAz) ≡ (bIGy)),4,,
505,,n,material part,,(c=material part) & (e=sentient being) & (((bIGc) & (bOFd)) ≡ ((bSz) & (dHWb) & (dIGe))),4,,
506,,n,material whole,,(c=material whole) & (e=material part) & (((bIGc) & (bOFd)) ≡ ((dIGe) & (bHWd))),4,,
507,,n,material concept,,(b=material concept) & (((cIGb) & (dIGc)) ≡ ((dHWe) & (eSf))),,,
508,,a,materialᶜ,,(b=materialᶜ) & (((cIAb) & (cIGe)) ≡ ((dIGc) & (dHWf) & (fSg))) & (e=conceptⁿ),4,c = concept,
509,,a,materialᵃ,,(b=materialᵃ) & (((cIAb) & (cIGe)) ≡ ((dIAc) & (dHWf) & (fSg))) & (e=conceptᵃ),,a = (concept is an adjective),
510,,r,materialize,MTL,(materialize=MTL) & (bMTL Tc) ≡ ((b~EXN Td) & (bEXN Tc) & (cAd)),4,,
511,,a,materialᵐ,,(z=materialᵐ) & (((bIAz) & (cIGb)) ≡ (cSd)),4,m = matter,
512,,ns,materialⁿ ,,(materialⁿ=matter),4,n = noun,
513,,n,matter,,(z=matter) & ((bIGz) ≡ (bSc)),4,,
514,,rs,meanᵉ ,,meanᵉ=≡,4,e = equivalence,
515,,as,meaningful,,(meaningful=significant),4,,
516,,rs,meansˢ ,,(meansˢ==),4,s = synonymous,
517,,rs,meansᵗ ,,(meansᵗ=⊢),4,t = therefore,
518,,n,member,,(c=member) & ((bIGc) ≡ (bIGz)),4,,
519,,n,memberˢ,,(c=member) & (((bIGc) & (bOFd)) ≡ (bIGd)),4,s = specified,
520,,a,mental,,(c=mental) & ((bIAc) ≡ ((eTKb) ⊻ (bTKd))),4,,
521,,n,mental whole,,(c=mental part) & (((bIGc) & (bOFd)) ≡ ((bTKd) ⊻ (bSNd) ⊻ (bDSc))),4,,
522,,n,mental whole,,(c=mental whole) & (e=sentient being) & (f=mental part) & (((bIGc) & (bOFd)) ≡ ((dIGf) & (bHWd))),4,,
523,,n,mind,,(c=mind) & ((bIGc) → (bTKz)),4,,
524,,n,molecular relationship,,(c=molecular relationship) & (d=subject) & (e=relation) & (f=object) & (g=truth value) & (h=locative molecular relationship) & (i=variable) & ((bIGc) ≡ ((zIGd) & (yIGe) & (wIGg) & (bHz) & (bHy) & (((xIGi) & (xIGf)) → ((bHx) ⊻ (b~Hx))) & (bHV) & (zIGi))),4,,
525,,n,moment,,(z=moment) & ((bIGz) ≡ ((cTb) & (dAb) & (bAe))),4,,1
526,,n,moment (first),,(z=moment) & (((bIGz) & (bIAf)) ≡ ((cTb) & (dAb))) & (f=first),,,
527,,n,moment (last),,(z=moment) & (((bIGz) & (bIAf)) ≡ ((cTb) & (bAd))) & (f=last),,,
528,,ns,momentᵉ,,(momentᵉ=event),4,e=event,
529,,o,momentᵉ,,E.g. Eddingtons confirmation of Einsteins theory was the greatest momentᵉ of his life.,4,,
530,,a,morally contingent,,(b=morally contingent) & (c=painful) & (f=acceptable) & ((pIAb e) ≡ ((zCRRp) & ((yIAc) ⊻ (y~IAc)) & (v⇿yAFx) & (vIAd) & (zCAUy) & (u⇿vIAf) & (t⇿xAF¬y) & (s⇿tIAf) & ((¬y~IAc) ⊻ (¬yIAc)) & (eBu) & (eBs))),4,,
531,,a,morally impossible,,(b=morally impossible) & (c=painful) & (d=unacceptable) & (f=acceptable) & ((pIAb e) ≡ ((zCRRp) & (yIAc) & (v⇿yAFx) & (vIAd e) & (zCAUy) & (u⇿(vIAd e)) & (t⇿xAF¬y) & (s⇿tIAf e) & ((¬y~IAc) ⊻ (¬yIAc)) & (eBu) & (eBs))),4,,
532,,a,morally necessary,,(b=morally necessary) & (c=painful) & (d=unacceptable) & (f=acceptable) & ((pIAb e) ≡ ((zCRRp) & ((yIAc) ⊻ (y~IAc)) & (v⇿yAFx) & (vIAd) & (zCAUy) & (u⇿vIAf) & (t⇿xAF¬y) & (s⇿tIAd) & (¬yIAc) & (eBu) & (eBs))),4,,
533,,d,more,,(more...than) & ((bR mor c thn d Uf) ≡ ((cANz Uf) & (dANy Uf) & (zAFy) & (bRc Uf) & (bRd Uf))),4,,
534,,ra,move,MOV,(move=MOV) & (e=person) & ((bMOVc d) ≡ ((zSc Ty) & (xSd Tw) & (wAy) & (zIGb) & (xIGb) & (bIGe))),4,,
535,,o,move,,EXP: what this means is that you move iff you have two temporal parts and one of them is at one location at one point in time and another of them is at another location at another point in time.,4,,
536,,r,moveᵖ,MV,(moveᵖ=MV) & (c=person) & ((bMV) ≡ ((zSy Tx) & (wSv Tu) & (uAx) & (zIGb) & (wIGb) & (bIGc))),4,,
537,,e,mustʷ,,(states=STT) & (c=absolutely true) & (((p mustʷ) & (bSTTp)) ≡ ((bDSz) & (z⇿pIAc))),4,,
538,,o,mustʷ,,E.g. I must win this game.  (mustʷ expresses a wish),4,,
539,,n,narrow reality,,(d=abstract space) & ((b=narrow reality) ≡ ((zId) → (zIGb))),4,,
540,,na,natural essence,,natural essence: postponed ,4,,
541,,o,natural essence,,"EXP: what this means is that d has [natural] essence b iff b is the set of all of the accidental properties which all e's can have and that something is an e iff it has many b. E.g. There is a set which represents everything that a cougar can have, such as eyes, fangs, and claws but there is no one thing that all cougars have, these things represent a set, and something is a cougar iff it has many of the properties that belong to that set.",4,,
542,,na,natural kind ,,natural kind: postponed,4,,
543,,n,natural number,,(c=natural number) & ((bIGc) ≡ ((zANb) & ((b=0) ⊻ (bAF0)))),4,,
544,,n,natural whole,,(d=natural whole) & ((bIGd) ≡ ((dINMe) → (bHWd))),4,,
545,,as,naturalᵖ,,(naturalᵖ = material),4,p = particle,
546,,o,naturalʷ whole,,E.g. (c=naturalʷ) & (d=whole) & (((bIAc) & (bIGd)) ≡ ((dINMe) → (bHWd))),4,,
547,,r,necessary physical condition,NC,(necessary physical condition=NC) & (g=possible worlds) & (h=abstract space) & (((bScTd) & (eScTf) & (pNCq GVr)) ≡ ((p⇿eSc) & (q⇿bSc) & (fSUTz) & (zSUTd)  & (((rIh) & (pTd)) → ((qPy Tz) & (¬qPx Tz))) & (((rIh) & (p~Td)) → (q~Pα Tz)) & (pP mn g))),4,,
548,,r,negation of,NEG,(is the negation of=NEG) & (b=contradictory) & ((pNEGq) ≡ ((r⇿p ∧ q) & (rIAb))),4,,
549,,e,never,,(never=nv) & ((p nv) ≡ (p~Tα)),4,,
550,,ra,next to,NXT,next to: postponed,4,,
551,,ns,non actual relationship,,(non actual relationship=possible relationship),4,,
552,,rs,not identical to ,,(not identical to=DF),4,,
553,,r,noun counterpart of,NCP,(is thenoun counterpart of=NCP) & (is the adjective counterpart of=ACP) & ((bNCPc) ≡ (cACP)),4,,
554,,ns,now ,,(now=current present),4,,
555,,ns,numberⁱ,,(numberⁱ=integer),4,,
556,,ns,numberⁿ,,(numberⁿ=natural number),4,,
557,,ns,numbersⁱ,,(numbersⁱ = integers),4,,
558,,n,object,,(c=object) & (d=relation) & (e=noun) & ((bIGc) ≡ ((zIGd) & (bIGe) & (bAWz))),4,,
559,,ns,object,,(object=thing),4,,
560,,o,object,,"EXP: Of course, identifying the subject is much more difficult than simply being the first noun before the relation but currently we are only working with very simple sentences and this definition works for now, but of course will have to be revised when ",4,,
561,,a,objective,,(b=objective) & (c=abstract space) & ((pIAb) ≡ ((pPz) ⊻ (pIc))),4,,
562,,n,objectⁿ,,(c=objectⁿ) & (d=relation) & (e=thing) & ((bIGc) ≡ ((bIGe) & (b~IGd))),4,n=nonrelation,
563,,as,obligatory,,(obligatory=morally necessary),4,,
564,,as,obligatoryˡ,,(obligatoryˡ=legally necessary),4,,
565,,r,occur,OC,(occur=OC) & (b=abstract space) & ((pOC) ≡ ((zPy Tx) & (wSv Tu) & (wCRSz) & (uSUTx) & (p⇿wRt) & (pIb Tu) & (~pIb Tx))),4,,
566,,o,occur,,EXP: what this means is that there is a thing z' in probabilistic space at time 1 which corresponds to a thing w' in physical space at time 2 and the properties of w' are in abstract space at time 2 and the negative properties of w' are in abstract space at time 1.,4,,
567,,r,ofᵃ,OFA,(ofᵃ=OFA) & (((bOFAc) & (dACPc)) ≡ (bIAd)),4,a=adjective,
568,,o,ofᵃ,,E.g. Shes a woman ofᵃ courage and courageous is the adjective\counterpart of courage iff shes courageous.,4,,
569,,g,ofᵍ,OFG,(ofᵍ=OFG) & ((cOFGb) ≡ ((bHc) ⊻ (bOWNc) ⊻ (bHWc))),4,g=gerund,
570,,o,ofᵍ,,E.g. A part OFG me wants to go home.,4,,
571,,r,ofⁱ,OFI,(ofⁱ=OFI) & (((bOFIc) & (bIGd) & (cOFPe)) ≡ ((fIGb) & (fIGe))),4,i (arbitrarily chosen),
572,,o,ofⁱ,,E.g. A group[b] ofⁱ tigers is over there iff a tiger isᵍ b and it is over there.,4,,
573,,r,ofᵐ,OFM,(ofᵐ=OFM) & (d=person) & ((bOFMc) ≡ ((bSz) & (cHWb) & (cIGd))),4,,
574,,o,ofᵐ,,E.g. This body ofᵐ mine hurts.,4,,
575,,r,ofʳ,OFQ,(ofʳ=OFR) & (verbal counterpart=VCP) & (((R VCP b) & (The b OFR d)) ≡ (d R)),4,p=phrase,
576,,o,ofʳ,,E.g. ((EX VCP existence) & (The existence OFP water)) ≡ (water EX),4,,
577,,o,ofʳ,,E.g. Exists is the verbal counterpart of existence and the existence ofᵖ water iff water exists.,4,,
578,,r,ofˢ,OFS,(ofˢ=OFS) & ((bOFSc) ≡ (cHGb)),4,s=set,
579,,o,ofˢ,,E.g. 2 members ofˢ a group is equivalent to this group hasᵍ 2 members.,4,,
580,,r,on,ON,(on=ON) & ((bONc) ≡ ((bABc) & (bNXTc))),4,,
581,,o,on,,E.g. I have hair on the top ofˢ my head.,4,,
582,,ns,oneᵖ,,(oneᵖ = person),4,,
583,,r,outside of,OT,(outside of=OT) & ((bOTc) ≡ ((b~INc) & (bSz))),4,,
584,,ra,own,OWN,postponed,4,,
585,,r,ownⁱ,OWI,(ownⁱ=OWI) & ((bOWIc) → (cAIz)),4,i=idea,
586,,o,ownⁱ,,E.g. Disney ownsⁱ Mickey Mouse.  Here what Disney owns is something which exists in imaginary space.,4,,
587,,n,pain,,(c=pain) & (((bIGc) & (bTOd)) ≡ ((z⇿bSSy) & (dHWb) & (d~DSz))),4,,
588,,ns,partᶜ,,(partᶜ=property part),4,c=characteristic,
589,,ns,partᶠ,,(partᶠ=familial part),4,f=familial,
590,,r,participated,PRTC,(bPRTCc) ≡ ((dCAUSc) & (bIGd)),,,
591,,r,participate,PRTC,(bPRTCc) ≡ ((dCAUSc) & (bIGd)),4,,
592,,r,participates,PRTC,(bPRTCc) ≡ ((dCAUSc) & (bIGd)),4,,
593,,as,definite,,(definite = particular),,,
594,,aa,particular,,postponed,4,,
595,,a,particularᵖ,,(b=particular) & (((cIAb) & (cIGd)) ≡ ((eIGd) → (e≠c))),4,,
596,,a,particularᵖ,,(b=particular) & ((cIAb) & (cIGd)) ≡ ((eIGd) → (e≠c)),,,
597,,n,partᵖ,,(c=partᵖ) & (((bIGc) & (bOFd)) ≡ (dHWb)),4,,
598,,ns,partˢ,,(partˢ=physical spatial part),4,s=space,
599,,a,past,,(c=past) & (d=current present) & ((bIAc) ≡ (dAb)),4,,
600,,ns,pastᵉ,,(pastᵉ=entire past),4,e=entire,
601,,n,period,,(c=period) & (d=moment) & ((bIGc) ≡ ((eTf) & (gTh) & (((iAf) & (hAi)) ≡ (iIGb)))),4,,
602,,as,permitted,,(permitted = morally contingent),4,,
603,,as,permittedˡ,,(permittedˡ=legally contingent),4,,
604,,n,person,,(c=person) & (d=personhood) & ((bIGc) ≡ (bHd)),4,,
605,,n,phenomenon,,(c=phenomenon) & (d=event) & ((bIGc) ≡ ((bIGd) & (zIGb))),4,,
606,,ns,phenomenonᵉ,,(phenomenonᵉ=event),4,e=event,
607,,o,phenomenonᵉ,,EXP: Phenomenon also has a wider usage which may even be synonymous with 'thing' which we are ignoring for the moment.,4,,
608,,ra,phrase,,phrase: postponed,4,,
609,,as,physical ,,(physical=material),4,,
610,,r,physical contingent condition,CC,(contingent physical condition=CC) & (given=GV) & (e=abstract space) & (f=possible worlds) & (((bScTd) & (eScTf) & (pCCq GVr)) ≡ ((p⇿eSc) & (q⇿bSc) & (fSUTz) & (zSUTd) & (((rIe) & (pTd)) → ((qPy Tz) & (¬qP x Tz))) & (((rIe) & (p~Td)) → ((qPw Tz) & (¬qPv Tz))) & (pP mn f) & (wANr) & (vANq) & (yANs) & (xANt) & (rAFq) & (tAFs))),4,,
611,,n,physical law,,(c=physical law) & (d=situation) & ((bIGc) ≡ ((bPα) & (bIGd))),4,,
612,,n,physical relationship,,(z=physical relationship) & (y=subject) & (x=relationship) & ((bIGz) ≡ ((bHVc) & (bIGx) & (cIGy) & (eHc) & (eSf))),4,,
613,,n,physical spatial part,,(c=physical spatial part) & (((bIGc) & (bOFd)) ≡ ((bSz) & (dSy) & (zINy))),4,,
614,,o,physical spatial part,,E.g. The White House is part of Washington DC.,4,,
615,,n,physical spatial whole,,(c=physical spatial whole) & (((bIGc) & (bOFd)) ≡ ((bSz) & (dSy) & (yINz))),4,,
616,,n,physical temporal part,,(c=physical temporal part) & (((bIGc) & (bOFd)) ≡ ((bTz) & (dTy) & (zDURy))),4,,
617,,o,physical temporal part,,E.g. The Battle of the Somme was a temporal part of WWI.,4,,
618,,n,physical temporal whole,,(c=physical temporal whole) & (((bIGc) & (bOFd)) ≡ ((bTz) & (dTy) & (yDURz))),4,,
619,,as,physicalᶜ,,(physicalᶜ = materialᶜ),4,,
620,,a,physically contingent,,(b=physically contingent) & (c=relata) & (d=abstract space) & (((pSeTf) ⊃ (qIAb Tg)) ≡ (((pSeTf) → ((qPx Tg) & (q~Pw Tg))) & (ySUTg) &  (gSUTf))),4,,
621,,a,physically impossible,,(b=physically impossible) & (c=relata) & (d=abstract space) & (((pSeTf) ⊃ (qIAb Tg)) ≡ (((pSeTf) → ((q~Pα Tg) & (¬qPα Tg))) & (zCRRq) & (z~Id Ty) & (ySUTg) & (gSUTf))),4,,
622,,a,physically necessary,,(b=physically necessary) & (c=relata) & (d=abstract space) & (succeedᵗ=SUT) & (correspond=CRR) & (((pSeTf) ⊃ (qIAb Tg)) ≡ (((pSeTf) → ((qPα Tg) & (¬q~Pα Tg) & (zId Ty))) & (zCRRq) & (ySUTg) & (gSUTf))),4,,
623,,a,physically possible,,(b=physically possible) & (c=physically necessary) & (d=physically contingent) & ((pIAb) ≡ ((pIAc) ⊻ (pIAd))),4,,
624,,as,physicalᵐ,,(physicalᵐ = materialᵐ),4,,
625,,ns,place,,(place=region),4,,
626,,n,plan,,(c=plan) & ((bIGc) ≡ ((bCAUc) & (z⇿bCAUc) & (bDSz) & (y⇿zPx) & (bBy))),4,,
627,,ns,platonic space,,(platonic space=abstract space),4,,
628,,n,pleasure,,(c=pleasure) & (((bIGc) & (bTOd)) ≡ ((z⇿bSSy) & (dHWb) & (bDSd))),4,,
629,,r,plural counterpart,PCP,(plural counterpart=PCP) & (d=plural) & (e=singular) & (f=root word) & (((bIGd) & (bOFc)) ≡ ((cIGe) & (bIGz) & (cIGz) & (zIGf) & (mny bEXV)) ≡ (bPCPc)),4,,
630,,n,plural counterpart of,,(e=plural counterpart) & ((bPCPc) ≡ ((bIGe) & (bOFc))),4,,
631,,n,point,,(c=point) & ((bIGc) ≡ (dSb)),4,,
632,,ns,point in probabilistic space,,(point in probabilistic space=possible world),4,,
633,,n,pointˢ,,(c=pointˢ) & (((bIGc)) → ((dLFb) & (bLFe) & (((zLFd) & (eLFz)) → (z=b)))),4,s=simplified,
634,,a,positively infiniteᵍ,,(c=positively infiniteᵍ) & (((bIAc) & (bPCPd)) ≡ (((zIGd) & (zANy)) → ((xIGd) & (xANw) & (wAFy)))),4,,
635,,aa,possible,,(b=possible) & ((pIAb) ≡ ((pIA⊤) & (¬pIA⊤))),4,,
636,,n,possible relationship,,(c=possible relationship) & ((bIGc) ≡ (bPz)),4,,
637,,n,possible world,,(c=possible world) & ((bIGc) ≡ (zPb)),4,,
638,,o,possible world,,EXP: because 'point' has such a long definition we can usually prove everything we need using that word with the simplified version.,4,,
639,,as,precise,,(precise = certain),4,,
640,,n,premise,,(c=premise) & (((bIGc) & (bFORd)) ≡ ((α~⊃b) & (bIGz) & (z⊃d))),4,,
641,,n,present,,(c=present) & (d=current present) & (e=previous present) & (f=moment) & ((bIGc) ≡ (((bIGe) ⊻ (b=d)) & (bIGf))),4,,
642,,a,presentᵃ,,(c=presentᵃ) & (d=present) & ((cACPd)),4,a=adjective,
643,,r,prevent,PRV,(prevent=PRV) & ((bPRVc) ≡ ((xCRRc) & ((bSzTy) → (x~Pα Tw)) & (wSUTy))),4,,
644,,n,previous present,,(z=previous present) & (y=current present) & ((bIGz) ≡ (yAb)) *,4,,
645,,n,probability,,(c=probability) & (g=ratio) & (h=possible worlds) & (f=abstract space) & (given=GV) & (((bIGc) & (bOFd GVe)) ≡ ((eIf) → ((dPb h) & (bIGg)))),4,,
646,,n,probable,,(c=probable) & ((pIGc) ≡ (pPz)),4,,
647,,n,proper name,,(c=proper name) & (((bHd) & (dIGc)) ≡ (((bHz) ≡ (bHd)) & (α~IGd) & (α~IGb))),4,,
648,,o,proper name,,"EXP: what this means is that you are only named x iff you have a certain set of properties z' and, further, your name d is not a group but an individual thing and only individuals have proper names.",4,,
649,,n,propertyᵒ,,(c=property) & ((bIGc) ≡ (zHb)),4,,
650,,n,property,,(c=property) & ((bIGc) ≡ (zIAb)),,,
651,,n,property bearer,,(c=property bearer) & ((bIGc) ≡ (bHz)),4,,
652,,n,property part,,(c=property part) & (((bIGc) & (bOFd)) ≡ ((dHb) ⊻ (dIAb))),4,,
653,,o,property part,,E.g. My humor is part of me and I am humurous.,4,,
654,,n,propertyᵒ,,(c=propertyᵒ) & ((bIGc) ≡ (zOWNb)),4,o=own,
655,,n,putative fact,,(b=putative fact) & (((pIGb) & (pTOc)) ≡ (cKNp)),4,,
656,,n,putative mistake,,(d=putative mistake) & (e=abstract space) & (make=MK) & ((y⇿cCAz) & (w⇿yIe) & (((bMKc) & (cTOb) & (cIGd)) ≡ ((bCAc Tw) & (zOC Tv) & (vSUTw) & ((yIe) ⊻ ((yAIx) & (bHWx))) & (bBw) & (b~DSz)))),4,,
657,,e,putatively,,(putatively b TOc) ≡ (cBb),4,,
658,,ns,qualia ,,(qualia=sensation),4,,
659,,n,quantity,,(c=quantity) & (((bIGc) & (bOFd) & (dPCPe)) ≡ ((zIGe) & (zANb) & (zIAf) & (((yIGe) & (yANw)) → (w~AFb)))),4,,
660,,r,raise the probability of,RAS,(raise the probability of=RAS) & ((bRASc) ≡ (bCASc)),4,,
661,,ra,ratio,,postponed,4,,
662,,as,real,,(real=actual),4,,
663,,n,real group,,(c=real group) & (d=abstractspace) & (v⇿(xIGb) ⇔ (xHw)) & ((bIGc) ≡ ((zIGb) & (yIGb) & (vId))),4,,
664,,ns,real space,,(real space=space),4,,
665,,ra,real time,,postponed,4,,
666,,o,real time,,"E.g. I only use testimony of Stalin that was written down in real time, not testimony that was written down years after the fact.",4,,
667,,n,reality,,(b=reality) ≡ (zIb),4,,
668,,es,really,,(really=actually),4,,
669,,r,referᵖ,REF,(refersᵖ to=REF) & (e=person) & ((bREFc) ≡ ((bCAUz) & (zCAUp) & (p⇿yTKc) & (bIGe) & (bDSp))),4,,
670,,n,region,,(c=region) & ((bIGc) ≡ (zINNb)),4,,
671,,n,relationship,,(c=relationship) & (d=subject) & (e=non alethic space relation) & (g=locative relationship) & ((bIGc) ≡ ((zIGd) & (yIGe) & (xIGf) & (wIGg) & (bHVz) & (bHVy) & (bHVx) & (bIGd) & (wHVb))),4,,
672,,o,relationship,,"EXP: The reason why a relationship is a subject of a locative relationship is because each relationship must be located in one of the three alethic spaces: imaginary, probabilistic, abstract.",4,,
673,,r,right of,RT,(right of=RT) & ((bRTc) ≡ (cLFb)),4,,
674,,r,rightᵃ of,RIG,(rightᵃ of=RIG) & ((bRIGc) ≡ ((bSz) & (cLFz))),4,a=abstract,
675,,r,rightᵇ,RTE,(rightᵇ of=RTE) & ((bRTEc) ≡ ((cSz) & (zLFb))),4,,
676,,r,rightᵐ of,RGT,(rightᵐ of=RGT) & ((bRGTc) ≡ ((bSz) & (cSy) & (yLFz))),4,m=material,
677,,r,seem,SM,(seem=SM) & (z=reality) & ((bSM TOc) ≡ ((zIGc) & (zBp) & (p~Iz))),4,,
678,,n,sensation,,(c=sensation) & (((bIGc) & (bOFd)) ≡ ((bSSz) & (dHWb))),4,,
679,,o,sensation,,EXP: what this means is that a sensation is something that a sentient being has and 'a sentient being has something' forms a sensational relationship which is at a point in sensational space.,4,,
680,,n,sensational space,,(c=sensational space) & ((bIGc) ≡ (zSSb)),4,,
681,,rs,sense ,,(sense=EXP),4,,
682,,ns,sense datum ,,(sense datum=sensation),4,,
683,,ns,sensorium,,(sensorium=sensational space),4,,
684,,ns,sentenceʳ,,(sentenceʳ=relationship),4,r=relationship,
685,,n,sentient being,,(c=sentient being) & (e=body) & ((bIGc) ≡ ((zTKy) & (zDSx) & (bHWz) & (bHWd) & (dIGe)),4,,
686,,r,share,SHR,(share=SHR) & ((b cSHRd) ≡ (((bHd) & (cHd)) ⊻ ((bOWNd) & (cOWNd)) ⊻ ((bHWd) & (cHWd)))),4,,
687,,a,significant,,(b=significant) & (c=grammatical) & ((pIAb) ≡ ((pIA⊤) & (pIAc))),4,,
688,,r,similar to,SML,(similar to=SML) & (d=essence) & ((bSMLc) ≡ ((bHz) & (zIGd) & (cH mn y) & (yIGz))),4,,
689,,o,similar to,,EXP: what this means is b is similar to c iff b has essence z' and c has many properties which belong to essence z'. ,4,,
690,,n,simple individual,,(c=simple individual) & ((bIGc) ≡ ((bSz) & ((ySx) → (x~INz)))),4,,
691,,o,simple individual,,EXP: The only simple individuals are the fundamental particles which is to say if something is material then it does not occupy the space inside the simple individuals.,4,,
692,,r,simultaenous with,SIM,(simultaneous with=SIM) & ((bSIMc) ≡ ((bTz) & (cTz))),4,,
693,,o,simultaenous with,,E.g. Saratoga was simultaneous with the Revolution iff Saratoga existed at 1777 and the Revolution existed at 1777.,4,,
694,,n,situation,,(b=situation) & (c=relationship) & (d=relata) & (have=HV) & ((pIGb) ≡ ((pIGc) & (zIGd) & (pHVz) & (zSy))),4,,
695,,ns,sort,,(sort=type),4,,
696,,nub,space,,(b=space) ≡ ((zSy) ≡ (yIGb)),4,,
697,,ns,spaceʳ ,,(spaceʳ=region),4,r=region,
698,,n,spatial object,,(c=spatial object) & (d=point) & (e=region) & ((bIGc) ≡ (zSb)),4,r = region,
699,,ns,species ,,(species=kind),4,,
700,,ns,state,,(state=property),4,,
701,,r,state,STT,(stateˢ=STT) & ((bSTTc) ≡ ((bCAUz) & (zRFc))),4,s=say,
702,,o,state,,E.g. The house was in a state of delapidation iff the house had the property delapidation.,4,,
703,,ns,statement,,(statement=relationship),4,,
704,,rs,states,,(states = STT),4,,
705,,r,stronger than,STR,(stronger than=STR) & (f=abstract space) & (z⇿(eIf) ⊃ (dCAb)) & (y⇿(eIf) ⊃ (dCAc)) & (((bSTRc GVe) & (dDSb) & (dDSc)) ≡ ((zPx) & (yPw) & (wANv) & (xANu) & (uAFv))),4,,
706,,ns,subgroup,,(subgroup=type),4,,
707,,n,subject,,(c=subject) & (d=relation) & (e=noun) & ((bIGc) ≡ ((zIGd) & (bIGe) & (zAWb))),4,,
708,,o,subject,,"EXP: Of course, identifying the subject is much more difficult than simply being the first noun before the relation but currently we are only working with very simple sentences and this definition works for now, but of course will have to be revised when we tackle more complex grammatical forms.",4,,
709,,a,succeeding,,(c=succeeding) & ((bIAc * d) ≡ (bAd)),4,,
710,,a,succeedingⁿ,,(c=succeedingⁿ) & ((bIAc * d) ≡ (bAFd)),4,n=number,
711,,r,succeeds,SC,(succeeds=SC) & ((bSCc) ≡ ((dANe) → ~((dAFc) & (bAFe)))),4,,
712,,r,succeedsᵐ,SCM,(succeedᵐ=SCM) & (bSCMc) ≡ ((cIGd) & (bIGd) & (cMTL Te) & (bMTL Tf) & (fAe)),4,,
713,,r,succeedsᵒ,SUO,(succeedᵒ=SUO) & ((bSUOc) ≡ ((cOC Td) & (bOC Te) & (bIGf) & (cIGf) & (eAd) & ((gIGf Th) → ~((eAh) & (hAd))))),4,,
714,,r,succeedsᵒ,,"E.g. The alarm went off for the third time, i.e., the third alarm succeeded the second alarm.",4,,
715,,r,succeedsᵖ,SCP,(succeedᵖ=SCP) & ((bSCPc ASCd) ≡ ((c=d Te) & (b=d Tf) & (fAe) & ((g=d Th) → (h~CBTf e)))),4,,
716,,r,succeedsᵖ,,E.g. Jefferson suceeds Adams as President.,4,,
717,,r,succeedsˢ,SCD,(succeedˢ=SCD) & ((bSCDc ASCd) ≡ ((bIGd) & (cIGd) & (bSe) & (cSf) & (eDf) & ((gIGd) → ~((fDg) & (gDe))))),4,,
718,,r,succeedsˢ,,"E.g. The third cargo department (from the right) was the damaged one, i.e. the third department succeeds the second.  The third god on the totem pole was Hermes, i.e. Hermes succeeds another god on the totem pole.  Earth is the third planet from the Sun, i.e. Earth succeeds Venus.",4,,
719,,r,succeedsᵗ,SUT,(succeedᵗ=SUT) & ((bSUTc ASCd) ≡ ((eTb) & (fTc) & (bAc) & ((gTh) → ~((bAh) & (hAc))))),4,,
720,,r,succeedsᵗ,,E.g. Moment 3 succeeds moment 4.,4,,
721,,r,succeedsᵘ,SCU,(succeedᵘ=SCU) & ((bSCUc) ≡ ((dUTc Te) & (fUTb Tf) & ((f=d) ⊻ (f~=d)) & (bIGg) & (cIGg) & (((hUTi Tj) & (iIGg)) → ~((fAj) & (jAe))))),4,,
722,,r,succeedsᵘ,,"E.g. We have two excellent bedrooms and a third for the maid, i.e. the third bedroom succeeds the second.",4,,
723,,as,supernatural,,(supernatural=divine),4,,
724,,n,symbol,,(c=symbol) & ((bIGc) ≡ (bRFz)),4,,
725,,r,synonymous with ,,synonymous with==,4,,
726,,o,synonymous with ,,E.g. red is synonymous with crimson.,4,,
727,,r,synonymousᵖ with,,synonymousᵖ with=≡,4,p=phrase,
728,,o,synonymousᵖ with,,E.g. The phrase There are dogs is synonymous with dogs exist.,4,,
729,,n,table,,artificial,4,,
730,,a,teleologically contingent,,(b=teleologically contingent) & (((cDSd) & (pIAb c)) ≡ (((c~CAUp Tx) → ((dPu Tw) & (d~Pv))) & ((cCAUp Tx) → ((dPz Tw) & (d~Py Tw))))),4,,
731,,a,teleologically impossible,,(b=teleologically impossible) & (((cDSd) & (pIAb c)) ≡ (((cCAUp Tx) → (d~Pα Tw)) & ((c~CAUp Tx) → ((dPz Tw) & (d~Py Tw))))),4,,
732,,a,teleologically necessary,,(b=teleologicallynecessary) & (((cDSd) & (pIAb c)) ≡ (((c~CAUp Tx) → (d~Pα Tw)) & ((cCAUp Tx) → ((dPz Tw) & (d~Py Tw))))),4,,
733,,a,teleologically possible,,(b=teleologically possible) & (c=teleologically necessary) & (d=teleologically contingent) & ((pIAb) ≡ ((pIAc) ⊻ (pIAd))),4,,
734,,n,temporal object,,(c=temporal object) & (d=moment) & (e=period) & ((bIGc) ≡ (zTb)),4,,
735,,r,tend toward,TD,(tend=TD) & ((b ScTd TD e Tf) ≡ (((bScTd) → ((z~PwTf) & (zPvTf))) & (z⇿eSc) & (fSUTx) & (xSUTd))),4,,
736,,rs,thenⁱ ,,(thenⁱ=⊢),4,i = implication,
737,,rs,therefore ,,(therefore=⊢),4,,
738,,n,thought,,(c=thought) & ((bIGc) ≡ (zTKb)),4,,
739,,rs,thus ,,(thus=⊢),4,,
740,,n,time,,((b=time) ≡ (((zTy) → (yIGb)) & (bIAc))) & (c=definite),4,,
741,,o,time,,EXP: something occurs during a period or at a moment iff those moments or periods are a member of time.,4,,
742,,ns,timeᵐ ,,(timeᵐ=moment),4,m = moment,
743,,o,timeᵐ ,,E.g. At what timeᵐ did you see him?,4,,
744,,na,timeᵗ,,postponed,4,,
745,,ra,top,,top: postponed,4,,
746,,ns,trait ,,(trait=property),4,,
747,,a,true,,(c=true) & (d=reality) & ((bIAc) ≡ (bId)),4,,
748,,n,true.,,(c=true) & (d=absolutely true) & (e=putatively true) & ((b=c) ≡ ((b=d) ⊻ (b=e))),4,,
749,,n,truth value,,(c=truth value) & (e=truth) & (f=falsehood) & ((bIGc) ≡ ((b⇒e) & (b⇒f))),4,,
750,,r,try,TRY,(try=TRY) & (d=abstract space) & ((bTRYc) ≡ ((uCRRc) & (bCAUy) & ((yId) → ((uPw) & (¬uPv))) & (x⇿yCAUc) & (bBx) & (bDSc))),4,,
751,,n,type,,(c=type) & (((bIGc) & (bOFd)) ≡ ((zIGb) → (zIGd))),4,,
752,,a,unacceptable,,(b=unacceptable) & ((pIAb TO c) ≡ ((zCRRp) & (y⇿z~Pα) & (cDSy))),4,,
753,,as,uncertain,,(vague = uncertain),4,,
754,,a,unique,,(c=unique) & ((bIAc) ≡ (α~IGb)),4,,
755,,n,unique essence,,(c=unique essence) & (e=proper name) & (((bIGc) & (dHb)) ≡ (((dHz) ≡ (dHb)) & (yIGb) & (zIGe))),4,,
756,,o,unique essence,,EXP: What this definition means is that one is identified with a proper name iff they have a certain set of properties b.  We also do not need to use the word necessarily because this is implicit in the ≡ sign.,4,,
757,,a,upper class,,(d=upper) & (c=class) & (f=abstract essence) & (((bIGc) & (bIAd) & (eIGb)) ≡ (((zIGe) ≡ (zHy)) & (yIGf) & (((xIGe) & (α~IGx)) → (xSw)))),4,,
758,,ra,utters,UT,postponed,4,,
759,,a,vague,,(b=vague) & (((cIAb) & (cTOd Tg)) ≡ ((dTKe Tg) & (kAg) & (dTKi))) & (f=reality) & (g=now) & ((e⇿(cIf)) & (h⇿(d~TKe Tk)) & (i⇿hPj),4,,
760,,na,vague pairs,,(b=vague pairs) & ((c andᶜ d IAb) ≡ ((e⇿(fRc)) & (g⇿(hRd)) & (e⊗g) & (iTK,4,,
761,,r,variable space relation,D,(bDc) ≡ ((bLFc) ⊻ (bRTc) ⊻ (bABc) ⊻ (bBLc) ⊻ (bFRc) ⊻ (bBHc)),4,,
762,,r,violate,VIO,(violate=VIO) & (b=action) & ((pVIOq) ≡ ((zDSy) & (y⇿q~Pα) & (pCRRq) & (pIb) & (pIGb))),4,,
763,,n,void,,((b=void) ≡ ((cIGz) → (c~Sb))) & (z=thing),4,,
764,,ra,went,GO,(GO = MOV),4,,
765,,rs,while,,(while=DUR),4,,
766,,o,while,,E.g. I played the banjo while he played the fiddle.,4,,
767,,ns,whileⁿ ,,(whileⁿ=period),4,n=noun,
768,,o,whileⁿ ,,E.g. I talked to him for a whileⁿ.,4,,
769,,n,word,,(c=word) & ((bIGc) → ((bAWz) ⊻ (zAWb))),4,,
770,,o,word,,"EXP: We have barely done any research on the relation AW.  We only adopted it into our system so as to disambiguate the words 'in' and 'after' since words can be after other words and words are said to be 'in' sentences.  Consequently, our definition of word is not meant to be taken as definitive.",4,,
771,,nm,cars,,plural of car,4.1,,
772,,nm,cats,,plural of cat,4.1,,
773,,nm,concepts,,plural of concept,4.1,,
774,,nm,dogs,,plural of dog,4.1,,
775,,nm,eiffel towers,,plural of eiffel tower,4.1,,
776,,nm,eyes,,plural of eye,4.1,,
777,,nm,girls,,plural of girl,4.1,,
778,,nm,groups,,plural of group,4.1,,
779,,nm,hydrogens,,plural of hydrogen,4.1,,
780,,nm,instances,,plural of instance,4.1,,
781,,nm,integers,,plural of integer,4.1,,
782,,nm,mammals,,plural of mammal,4.1,,
783,,nm,men,,plural of man,4.1,,
784,,nm,minds,,plural of mind,4.1,,
785,,nm,moments,,plural of moment,4.1,,
786,,nm,moons,,plural of moon,4.1,,
787,,nm,people,,plural of person,4.1,,
788,,nm,pyramids,,plural of pyramid,4.1,,
789,,nm,reptiles,,plural of reptile,4.1,,
790,,nm,russians,,plural of russian,4.1,,
791,,nm,thoughts,,plural of thought,4.1,,
792,,nm,us presidents,,plural of us president,4.1,,
793,,n,0,,((b=0) ≡ ((cAFb) & (bAFe) & (bIAd) & (cIAd))) & (c=1) & (d=definite) & (e=-1),5,,
794,,n,1,,((b=1) ≡ ((cAFb) & (bAFe) & (bIAd) & (cIAd))) & (c=2) & (d=definite) & (e=0),5,,
795,,n,2,,((b=2) ≡ ((cAFb) & (bAFe) & (bIAd) & (cIAd))) & (c=3) & (d=definite) & (e=1),5,,
796,,n,3,,((b=3) ≡ ((cAFb) & (bAFe) & (bIAd) & (cIAd))) & (c=4) & (d=definite) & (e=2),5,,
797,,dd,at least one,,(at least one bRc) ≡ ((zRc) & (zIGb)),5,,
798,,dd,at least three,,((at least three bRc) & (bOFd) & (bIGe)) ≡ ((zRc) & (zIGd) & (yRc) & (yIGd) & (xIGd) & (xRc))) & (e=plural form),5,,
799,,dd,at least two,,(((at least two bRc) & (bOFd) & (bIGe)) ≡ ((zRc) & (zIGd) & (yRc) & (yIGd))) & (e=plural form),5,,
800,,dd,exactly one,,(exactly one b R c) ≡ ((zIGb) & (((yIGb) & (yRc)) → (y=z))),5,,
801,,dd,exactly three,,(((exactly three bRc) & (bOFd) & (bIGe)) ≡ ((yIGd) & (xIGd) & (yRc) & (xRc) & (wRc) & (wIGd) & (((zIGd) & (zRc)) → ((z=y) ⊻ (z=x) ⊻ (z=w))))) & (e=plural form),5,,
802,,dd,exactly two,,(((exactly two bRc) & (bOFd) & (bIGe)) ≡ ((yIGd) & (xIGd) & (yRc) & (xRc) & (((zIGd) & (zRc)) → ((z=y) ⊻ (z=x))))) & (e=plural form),5,,
803,,a,secondᵐ,,(z=secondᵐ) & (y=firstᵐ) & ((bIAz) & (bIGc)) ≡ ((dIAy) & (dIGc) & (bSCMd)),5,,
804,,a,secondᵐ,,E.g. This was the second edition of War and Peace.  She was a second generation American.,5,,
805,,a,secondᵒ,,(z=secondᵒ) & (y=firstᵒ) & ((bIAz) & (bIGc)) ≡ ((dIAy) & (dIGc) & (bSUOd)),5,,
806,,a,secondᵒ,,E.g. The alarm went off for the second time.,5,,
807,,a,secondᵖ,,(z=secondᵖ) & (y=firstᵖ) & ((bIAz) & (b=c Te)) ≡ ((dIAy) & (d=c Tf) & (bSCPd ASCc)),5,,
808,,a,secondᵖ,,E.g. Adams was the second president.,5,,
809,,a,secondˢ,,(z=secondˢ) & (y=firstˢ) & ((bIAz) & (bIGc)) ≡ ((dIAy) & (dIGc) & (bSCDd)),5,,
810,,a,secondˢ,,E.g. Venus is the second planet from the sun.,5,,
811,,a,secondᵘ,,(z=secondᵘ) & (y=firstᵘ) & ((bIAz) & (bIGc)) ≡ ((dIAy) & (dIGc) & (bSCUd)),5,,
812,,a,secondᵘ,,E.g. The second bedroom I mentioned is over there.,5,,
813,,dd,zero,,(bR zero c) ≡ ((b~Rc) & (cAN0)),5,,
814,,dd,zero,,(zero = no),5,,
815,,na,7pm,,postponed,6,,
816,,na,alcohol,,(c=alcohol) & (d=natural) & ((bIAc) → (bIAd)),6,,
817,,a,aristotelianᶜ,,(c=aristotelianᶜ) & (d=aristotle) & ((bIAc) ≡ (bSMLd)) ,6,c=comparitive,
818,,n,aristotelianness,,((b=aristotelianness) ≡ ((cHb) & (cIGd))) & (c=Aristotle) & (d=person),6,,
819,,n,aristotelianness,,"EXP: For our current purposes we're not trying to prove anything complicated about Aristotle, so the only necessary condition we need for now is that he is a person.",6,,
820,,ra,bark,BRK,postponed,6,,
821,,ra,barks,BRK,postponed,6,,
822,,ra,born,BRN,postponed,6,,
823,,ra,calculate,CLC,postponed,6,,
824,,ra,calculates,CLC,postponed,6,,
825,,na,car,,(c=car) & (d=artificial) & ((bIAc) → (bIAd)),6,,
826,,na,cat,,postponed,6,,
827,,ra,causeᵐ,CAUS,postponed,6,,
828,,na,club,,(c=club) & (d=artificial) & ((bIAc) → (bIAd)),6,,
829,,na,coke,,(c=coke) & (d=artificial) & ((bIAc) → (bIAd)),6,,
830,,aa,cold,,postponed,6,,
831,,nc,dog,,(c=dog) & (d=doglike) & ((bIGc) ≡ (bIAd)),6,,
832,,ac,doglike,,(c=dog) & (d=doglike) & ((bIAd) ≡ ((bIGc) & (bHWe) & (eSf))),6,,
833,,n,doglikeˢ,,(c=doglikeˢ) & (d=doglike) & ((bIAc) ≡ ((eIAd) & (eSMLb))),6,,
834,,na,dogness,,noun form of doglike,6,,
835,,na,door,,postponed,6,,
836,,ra,drank,DRK,postponed,6,,
837,,ra,drink,DRK,postponed,6,,
838,,ra,drinks,DRK,postponed,6,,
839,,na,earth,,postponed,6,,
840,,na,earth,,natural,6,,
841,,ra,echolocate,ECH,postponed,6,,
842,,ra,echolocates,ECH,postponed,6,,
843,,na,eiffel tower,,(c=eiffel tower) & (d=artificial) & ((bIAc) → (bIAd)),6,,
844,,na,eye,,(c=eye) & (d=natural) & ((bIAc) → (bIAd)),6,,
845,,ra,feel,,postponed,6,,
846,,ra,feels,,postponed,6,,
847,,n,female,,(b=male) & (c=female) & ((dIAc) → (d~IAb)),6,,
848,,a,feminine,,(b=feminine) & (c=female) & ((dIAb) ≡ (dIGc)),6,,
849,,a,feminineˢ,,(b=feminineˢ) & (c=female) & ((dIAb) & (eIGc)) ≡ (dSMLe)),6,s=similar,
850,,na,french,,postponed,6,,
851,,na,girl,,postponed,6,,
852,,aa,good,,postponed,6,,
853,,aa,green,,postponed,6,,
854,,na,hair,,(e=natural) & (d=hair) & ((bHd) → (bIAe)),6,,
855,,ra,hasᶜ,HC,postponed,6,,
856,,ra,hasᵉ,HA,"hasᶜ=HA, c=matter, d=dead | ((bHAz) & (zIGc)) ≡ ((zSy) & (bOWNz) & (zIAd))",6,,
857,,ra,hasᵉ,,E.g. I have this body which is not part of me because I need to bury it.  EXP: It is probably also not the case that 'own' is the right relation here but we will fix this later.,6,,
858,,ra,haveᶜ,HC,postponed,6,,
859,,ra,haveʷ,,E.g. I have a body and it is part of me.,6,,
860,,na,head,,(e=natural) & (d=head) & ((bHd) → (bIAe)),6,,
861,,na,heaven,,postponed,6,,
862,,na,home,,postponed,6,,
863,,na,house,,postponed,6,,
864,,n,hydrogen,,natural,6,,
865,,aa,important,,postponed,6,,
866,,b,isʳ,,redundant,6,,
867,,na,jessica,,postponed,6,,
868,,na,jim,,postponed,6,,
869,,ra,know,KNW,postponed,6,,
870,,ra,knows,KNW,postponed,6,,
871,,aa,large,,postponed,6,,
872,,ra,live,LV,postponed,6,,
873,,ra,lives,LV,postponed,6,,
874,,na,male,,(b=male) & (c=female) & ((dIAb) → (d~IAc)),6,,
875,,na,mammal,,postponed,6,,
876,,n,man,,(b=man) & ((cIGb) → ((cIGd) & (cIAe))) & (d=person) & (e=male),6,,
877,,n,woman,,(b=woman) & ((cIGb) → ((cIGd) & (cIAe))) & (d=person) & (e=female),6,,
878,,na,mars,,natural,6,,
879,,na,moon,,postponed,6,,
880,,aa,mortal,,postponed,6,,
881,,aa,necessary,,postponed,6,,
882,,aa,omnipotent,,postponed,6,,
883,,b,onʳ,,redundant,6,,
884,,na,paris,,(c=paris) & (d=artificial) & ((bIGc) → (bIAd)),6,,
885,,na,party,,postponed,6,,
886,,n,personhood,,(c=personhood) & (d=person) & (e=bodyᶜ) & ((bHc) → ((bIGd) & (zTKw) & (zDSx) & (bHWz) & (yIGe) & (bHWy))),6,,
887,,ra,punish,,postponed,6,,
888,,na,pyramid,,postponed,6,,
889,,na,rain,,postponed,6,,
890,,ra,raining,RAI,postponed,6,,
891,,ra,rains,RAI,postponed,6,,
892,,na,reptile,,postponed,6,,
893,,na,round square,,postponed,6,,
894,,na,russian,,postponed,6,,
895,,ra,saw,SEE,postponed,6,,
896,,ra,see,SEE,postponed,6,,
897,,ra,sleep,SLP,postponed,6,,
898,,ra,sleeps,SLP,postponed,6,,
899,,r,smell,SME,((bSME) → (bIAc)) & (c=material),6,,
900,,r,smells,SME,((bSME) → (bIAc)) & (c=material),6,,
901,,ra,speak,SPK,postponed,6,,
902,,ra,spoke,SPK,postponed,6,,
903,,na,sprite,,(c=sprite) & (d=artificial) & ((bIAc) → (bIAd)),6,,
904,,na,table,,(c=table) & (d=artificial) & ((bIAc) → (bIAd)),6,,
905,,na,uk prime minister,,postponed,6,,
906,,ra,universe,,universe: postponed,6,,
907,,na,us president,,postponed,6,,
908,,b,wasʳ,,redundant,6,,
909,,aa,white,,postponed,6,,
910,,a,absolutely true,,"b=absolutely true, d=abstract space | ((pIAb Fc) & (cUe)) ≡ (((cUe) → (pId)) & ((¬cUe) → (~pId)))",7,,
911,,n,nothingⁱ,,"c=nothingⁱ, d=thing | (bHc) ≡ (b~IGc)",7,,
912,,n,nothingⁿ,,c=nothingⁿ | (b=nothingⁿ) ≡ (α=b),7,n=noun,
913,,nm,round squares,,plural of round square,7,,
914,,nm,points,,plural of point,4.1,,
915,,nm,parts,,plural of part,4.1,,
916,,nm,members,,plural of member,4.1,,
917,,rs,within,,(within = inⁿ),4,,
918,,n,pocketwatch,,postponed,4,,
919,,r,haveᵗ,HAT,(haveᵗ = HAT) & ((bHATc) ≡ (cTCHb)),4,,
920,,r,haveᵗ,,E.g. Aristotle hasᵗ a teacher.,4,,
921,,ra,teach,TCH,postponed,4,,
922,,r,hasᵗ,HAT,(haveᵗ = HAT) & ((bHATc) ≡ (cTCHb)),4,,
923,,na,teacher,,postponed,4,,
924,,na,plato,,postponed,6,,
925,,na,socrates,,postponed,6,,
926,,na,xenothon,,postponed,6,,
927,,ra,teaches,TCH,postponed,6,,
928,,rc,as,AS,(as=AS) & (((bASc) & (dRb)) ≡ (cRb)),4,,
929,,rc,as,,E.g. Plato has the same teacher as Xenothon iff Plato has teacher b and Xenothon has teacher b.,4,,
930,,b,same,,redundant,1.6,,
931,,na,casablanca,,postponed,6,,
932,,na,movie,,postponed,6,,
933,,ra,was,=,atomic,1,,
934,,na,beer,,postponed,6,,
935,,r,wereᵉ,,(wereᵉ = EX),4,,
936,,ra,danced,DNC,postponed,,,
937,,na,courtyard,,postponed,,,
938,,ra,talked,TLK,postponed,,,
939,,u,whereⁱ,,hardcoded - (bRc whereⁱ dQf) ≡ ((bRc) & (dQf INN c)),,,
940,,rs,attended,,(attended = participated),,,
941,,nm,beers,,plural of beer,,,
942,,ra,shed,SHD,postponed,,,
943,,na,tear,,postponed,,,
944,,nm,tears,,plural of tear,,,
945,,ra,studied,STD,postponed,,,
946,,na,logic,,postponed,,,
947,,n,aristotle,,((b=aristotle) → ((bIGc) & (bIAd))) & (c=man) & (d=definite),4.2,,
948,,n,leibniz,,((b=leibniz) → ((bIGc) & (bIAd))) & (c=man) & (d=definite),4.2,,
949,,n,julius caesar,,((b=julius caesar) → ((bIGc) & (bIAd))) & (c=man) & (d=definite),,,
950,,n,russell,,((b=russell) → ((bIGc) & (bIAd))) & (c=man) & (d=definite),4.2,,
951,,n,jfk,,((b=jfk) → ((bIGc) & (bIAd))) & (c=man) & (d=definite),,,
952,,n,marilyn,,((b=marilyn) → ((bIGc) & (bIAd))) & (c=woman) & (d=definite),4.2,,
953,,n,ada,,((b=ada) → ((bIGc) & (bIAd))) & (c=woman) & (d=definite),4.2,,
954,,n,kiera knightley,,((b=kiera knightley) → ((bIGc) & (bIAd))) & (c=woman) & (d=definite),4.2,,
955,,n,jack,,((b=jack) → ((bIGc) & (bIAd))) & (c=man) & (d=definite),4.2,,
956,,n,diane,,((b=diane) → ((bIGc) & (bIAd))) & (c=woman) & (d=definite),4.2,,
957,,na,apple,,postponed,,,
958,,ra,ate,ATE,postponed,,,
959,,ds,an,,(an = a),,,
960,,ra,ate from,ATF,postponed,,,
961,,ra,eat from,ATF,postponed,,,
962,,na,cake,,postponed,,,
963,,na,boy,,postponed,,,
964,,ra,kissed,KS,postponed,,,
965,,ra,kiss,KS,postponed,,,
966,,a,potentiallyᵛ vague (of a statement),,(b=potentiallyᵛ) & ((cIAb) ≡ (cIAd)) & (d=naturalˢ),,,
967,,a,naturalˢ (statement),,(b=naturalˢ) & ((cIAb) ≡ ((cHVd) & (dIAe) & (dIGf))) & (e=natural) & (f=subject),,,
968,,a,potentiallyᵒ vague (of a physical object),,(b=potentiallyᵒ) & ((cIAb) ≡ (cIAd)) & (d=naturalᵒ),,,
969,,a,potentiallyᵖ vague (of a property),,(b=potentiallyᵖ) & (((cIAb) & (dIAc)) ≡ (dIAe)) & (e=naturalᵒ),,,
970,,a,potentiallyʳ vague (of a relation),,(b=potentiallyʳ) & (((R IAb) & (cRd)) ≡ ((cIAe) & (dIAe))) & (e=naturalᵒ),,,
971,,a,vagueˢ (of a statement),,(b=vague) & (((cIAb) & (cTOd)) ≡ ((cIAe) & (d~KNc))) & (e=naturalˢ),,,
972,,a,vagueᵒ (of a physical object),,(b=vagueᵒ) & (((cIAb) & (cTOd)) ≡ ((d~KNe) & (fIAg))) & (e ⇿ fIGc) & (g=natural),,,
973,,na,van,,postponed,,,
974,,r,empirical (of a relation),,(b=empirical) & (R IAb) ≡ ((R = SEE) ⊻ (R = HR) ⊻ (R = TOC) ⊻ (R = TST) ⊻ (R = SML)),,,
975,,ra,spied on,SPD,postponed,,,
976,,ra,spies on,SPD,postponed,,,
977,,na,nazi,,postponed,,,
978,,b,willʳ,,redundant,,,
979,,b,beʳ,,redundant,,,
980,,aa,rewarded,,postponed,,,
981,,aa,fanatical,,postponed,,,
982,,na,munich,,postponed,,,
983,,r,knowˢ (not) (a relationship is actual),~KN,(knowˢ=KN) & (((b~KNc Te) & (bTKd)) ≡ ((bTKi Te) & (bTKj Te) & (mAe))) & (f ⇿ bTKc) & (g ⇿ b~TKc) & (i ⇿ gUh Tm) & (j ⇿ fUk Tm) & (d ⇿ cIA⊤),,s = self,
984,,o,knowᵒ (not) (a relationship is actual) (putatively),~KNW,(knowᵒ=KNW) & (according to = ACT) & ((b~KNWc ACT d) ≡ ((d~TKe) & (bTKe))) & (e ⇿ cIf),,o = other,
985,,r,were/would,,((p were) → (q would)) ≡ (((p~Ib) & (q~Ib) & ((pIb) → (qIb))) & (b=reality),,,
986,,a,connectedˢ,,(b=connectedˢ) & ((c andᶜ d IA b Te) ≡ (((c → d) ⊻ (c ⊻ d) ⊻ (c ≡ d) ⊻ (c ? d)) & (c~If Te) & (d~If Te))) & (f=reality),,s=statement,
987,,o,atomic equivalent,,(b=atomic equivalent) & (((cIGb) & (cOFd)) ≡ ((c ≡ d) & (d~IAf) & ((eIGc) → (eIAf)))) & (f=atomic),,,
988,,o,connectedⁱ,,(b=connectedⁱ) & ((cIAb) ≡ ((gIGe) & (gOFc) & (hIGd) & (cHVh) & (iHVc) & ((iIGg) ⊻ (i=g)) & (iIAf))) & (d=main relation) & (e=atomic equivalent) & (f=connectedˢ),,,
989,,o,know how,,(KH=know how) & ((bKHc) ≡ ((bCAc) & (cIAd))) & (d=probable),,,
990,,o,ask (what),,((hASKg) ≡ ((cIGd) → (hTKi))) & (d=thing) & (e ⇿ bRc) & (g ⇿ bR what?) & (i ⇿ eUf),,,
991,,o,ask (what),,"E.g. Jim asks what is he going to do? iff if c is a thing, then Jim thinks that it is possible that he does c. ",,,
992,,o,ask (what),,E.g. Jim asks what will the bail be iff if c is a thing then Jim thinks that it is possible that the bail will be c.,,,
993,,o,ask (how),,((bASKc) ≡ ((gIGf) → (bTKi))) & (c ⇿ how CAe) & (f=cause) & (h ⇿ gCAe) & (i ⇿ hUj)  ,,,
994,,o,ask (how),,E.g. Leibniz asks how do we measure the universe iff if g is a cause then Leibniz thinks it is possible that g causes us to measure the universe,,,
995,,ra,beᵃ,IA,atomic,,,
996,,aa,caught,,postponed,,,
997,,ra,breaks,BRK,postponed,,,
998,,ra,broke,BRK,postponed,,,
999,,na,speed limit,,postponed,,,
1000,,ra,wasᵃ,IA,atomic,,,
1001,,na,wine,,postponed,,,
1002,,aa,general,,hard coded,,,
1003,,ra,reads,RD,postponed,,,
1004,,ra,love,LOV,postponed,,,
1005,,na,set theory,,postponed,,,
1006,,na,logic,,postponed,,,
1007,,ra,about,ABT,postponed,,,
1008,,na,hamlet,,postponed,,,
1009,,na,murder,,postponed,,,
1010,,na,redness,,postponed,,,
1011,,aa,red,,postponed,,,
1012,,na,bodyᶜ,,postponed,,,
1013,,a,kennedyᵃ,,(b=kennedyᵃ) & (c=kennedy) & (((eIAb) & (fIGe)) ≡ (fIGc)),,,
1014,,n,kennedy,,(b=kennedy) & ((cIGb) → (bIGd)) & (d=family),,,
1015,,na,family,,postponed,,,
1016,,n,familyⁱ,,(b=familyⁱ) & (((cIGb) & (dIGc) & (eIGc)) ≡ (((dIGf) & (dOFe)) ⊻ ((eIGf) & (eOFd)) ⊻ ((dIGh) & (dOFe)) ⊻ ((eIGh) & (eOFd)) ⊻ ((dIGg) & (dOFe)) ⊻ ((eIGg) & (eOFd)) ⊻ ((dIGk) & (dOFe)) ⊻ ((eIGk) & (eOFd)) ⊻ ((dIGl) & (dOFe)) ⊻ ((eIGl) & (eOFd)))) & (f=sibling) & (g=mother) & (h=father) & (k=aunt) & (l=uncle),,,
1017,,na,rocky mountains,,postponed,,,
1018,,na,north america,,postponed,,,
1019,,ra,standing,STD,postponed,,,
1020,,r,opposite to,OPP,(opposite to=OPP) & ((bOPPc) ≡ ((dFRAb) & (dFRAc))) & (dIGf) & (bIGg) & (cIGg) & (f=point) & (g=natural whole),,,
1021,,r,frontʷ,FNT,(inʳ frontʷ ofʳ=FNT) & ((bFNTc) ≡ (((bHWd) & (dSe) & (cHWf) & (fSg)) → (eFRg)),,,"s, natural whole, o, natural whole"
1022,,r,frontᵐ,FRN,(inʳ frontᵐ ofʳ=FRN) & ((bFRNc) ≡ ((bSz) & (cSy) & (zFRy))),4,,"s, particle, o, particle"
1023,,r,frontᵃ,FRA,(inʳ frontᵃ ofʳ=FRA) & ((bFRAc) ≡ (((bHWi) & (iSj)) → (jFRc))) & (cIGf) & (jIGf) & (f=point) & (h=particle) & (k=natural whole) & (bIGk) & (iIGh),,,"s, natural whole, o, point"
1024,,r,behindʷ,BEH,(behindᵈ=BEH) & ((bBEHc) ≡ ((bHWd) & (dSe) & (cFRe)),,w=whole,
1025,,na,particle,,postponed,,,
1026,,r,frontᵒ,FRO,(inʳ frontᵖ ofʳ=FRO) & ((bFROc) ≡ (((cHWd) & (dSe)) → (bFRe))) & (f=natural whole) & (g=point) & (h=particle) & (bIGg) & (cIGf) & (dIGh),,,"s, point, o, natural whole"
